datetime,equity,in_position
2020-10-15 00:00:00+00:00,10000.0,False
2020-10-16 00:00:00+00:00,9836.462020751269,True
2020-10-17 00:00:00+00:00,9867.351941303446,True
2020-10-18 00:00:00+00:00,9986.005348083176,True
2020-10-19 00:00:00+00:00,10201.980640580585,True
2020-10-20 00:00:00+00:00,10331.93033766683,True
2020-10-21 00:00:00+00:00,11103.161745999934,True
2020-10-22 00:00:00+00:00,11253.966132882826,True
2020-10-23 00:00:00+00:00,11212.733584554937,True
2020-10-24 00:00:00+00:00,11372.227425519764,True
2020-10-25 00:00:00+00:00,11291.023388414971,True
2020-10-26 00:00:00+00:00,11303.665455395085,True
2020-10-27 00:00:00+00:00,11808.13062341276,True
2020-10-28 00:00:00+00:00,11485.359762830154,True
2020-10-29 00:00:00+00:00,11639.639931345819,True
2020-10-30 00:00:00+00:00,11726.142358022385,True
2020-10-31 00:00:00+00:00,11938.641868887022,True
2020-11-01 00:00:00+00:00,11905.229829232874,True
2020-11-02 00:00:00+00:00,11710.193943654724,True
2020-11-03 00:00:00+00:00,12126.026680036655,True
2020-11-04 00:00:00+00:00,12232.514851101674,True
2020-11-05 00:00:00+00:00,13497.307251288728,True
2020-11-06 00:00:00+00:00,13481.274119798452,True
2020-11-07 00:00:00+00:00,12810.056150530223,True
2020-11-08 00:00:00+00:00,13379.692224162416,True
2020-11-09 00:00:00+00:00,13242.875680933235,True
2020-11-10 00:00:00+00:00,13218.153095361024,True
2020-11-11 00:00:00+00:00,13559.256526638308,True
2020-11-12 00:00:00+00:00,14075.0179849625,True
2020-11-13 00:00:00+00:00,14091.135833575388,True
2020-11-14 00:00:00+00:00,13870.031585751429,True
2020-11-15 00:00:00+00:00,13767.972858849991,True
2020-11-16 00:00:00+00:00,14415.814019219608,True
2020-11-17 00:00:00+00:00,15260.905787249165,True
2020-11-18 00:00:00+00:00,15353.490831783087,True
2020-11-19 00:00:00+00:00,15376.560243661523,True
2020-11-20 00:00:00+00:00,16114.77172648327,True
2020-11-21 00:00:00+00:00,16148.268483260028,True
2020-11-22 00:00:00+00:00,15927.16423543607,True
2020-11-23 00:00:00+00:00,15852.042816188634,True
2020-11-24 00:00:00+00:00,16556.36542809083,True
2020-11-25 00:00:00+00:00,16147.56897209706,True
2020-11-26 00:00:00+00:00,14794.228857396873,True
2020-11-27 00:00:00+00:00,14761.68576315092,True
2020-11-28 00:00:00+00:00,15272.233549025952,True
2020-11-29 00:00:00+00:00,15660.26003234569,True
2020-11-30 00:00:00+00:00,16997.17490141281,True
2020-12-01 00:00:00+00:00,16171.284649486122,True
2020-12-02 00:00:00+00:00,16557.573241989474,True
2020-12-03 00:00:00+00:00,16744.873336016495,True
2020-12-04 00:00:00+00:00,16071.917475931878,True
2020-12-05 00:00:00+00:00,16484.274430681035,True
2020-12-06 00:00:00+00:00,16677.65714256541,True
2020-12-07 00:00:00+00:00,16516.510127906808,True
2020-12-08 00:00:00+00:00,15766.218126492962,True
2020-12-09 00:00:00+00:00,15943.959821029854,True
2020-12-10 00:00:00+00:00,15693.311429327314,True
2020-12-11 00:00:00+00:00,15483.503471809872,True
2020-12-12 00:00:00+00:00,16165.233503099036,True
2020-12-13 00:00:00+00:00,16492.433807845224,True
2020-12-14 00:00:00+00:00,16562.426271766115,True
2020-12-15 00:00:00+00:00,16700.1964775261,True
2020-12-16 00:00:00+00:00,18362.96587466581,True
2020-12-17 00:00:00+00:00,19663.385036588807,True
2020-12-18 00:00:00+00:00,19909.77341837299,True
2020-12-19 00:00:00+00:00,20528.93938027222,True
2020-12-20 00:00:00+00:00,20218.33375540432,True
2020-12-21 00:00:00+00:00,19553.198403993447,True
2020-12-22 00:00:00+00:00,20500.825730189845,True
2020-12-23 00:00:00+00:00,19990.362661437426,True
2020-12-24 00:00:00+00:00,20421.836415166843,True
2020-12-25 00:00:00+00:00,21263.452401563627,True
2020-12-26 00:00:00+00:00,22793.27315124972,True
2020-12-27 00:00:00+00:00,22621.698791692797,True
2020-12-28 00:00:00+00:00,23319.93878573764,True
2020-12-29 00:00:00+00:00,23591.52658435944,True
2020-12-30 00:00:00+00:00,24865.87738403662,True
2020-12-31 00:00:00+00:00,24908.063594895313,True
2021-01-01 00:00:00+00:00,25247.42913535621,True
2021-01-02 00:00:00+00:00,27729.61405242246,True
2021-01-03 00:00:00+00:00,28515.617532694858,True
2021-01-04 00:00:00+00:00,27614.12903025533,True
2021-01-05 00:00:00+00:00,29271.684754945876,True
2021-01-06 00:00:00+00:00,31726.93236435813,True
2021-01-07 00:00:00+00:00,34094.41648754283,True
2021-01-08 00:00:00+00:00,35022.05806935078,True
2021-01-09 00:00:00+00:00,34659.31571999127,True
2021-01-10 00:00:00+00:00,32934.06697058423,True
2021-01-11 00:00:00+00:00,30482.379859927365,True
2021-01-12 00:00:00+00:00,29367.130787072223,True
2021-01-13 00:00:00+00:00,32222.09328425351,True
2021-01-14 00:00:00+00:00,33817.95388496232,True
2021-01-15 00:00:00+00:00,31700.810756459978,True
2021-01-16 00:00:00+00:00,31025.248060150785,True
2021-01-17 00:00:00+00:00,30886.69362610521,True
2021-01-18 00:00:00+00:00,31579.719947700898,True
2021-01-19 00:00:00+00:00,30904.157251391698,True
2021-01-20 00:00:00+00:00,30558.79381019606,True
2021-01-21 00:00:00+00:00,26523.888165810502,True
2021-01-22 00:00:00+00:00,28380.43238897738,True
2021-01-23 00:00:00+00:00,27590.16889878663,True
2021-01-24 00:00:00+00:00,27705.346523933586,True
2021-01-25 00:00:00+00:00,27738.843280710338,True
2021-01-26 00:00:00+00:00,27925.27442932917,True
2021-01-27 00:00:00+00:00,26073.159650325873,True
2021-01-28 00:00:00+00:00,28696.113723519484,True
2021-01-29 00:00:00+00:00,29467.345131852584,True
2021-01-30 00:00:00+00:00,29497.366106996567,True
2021-01-31 00:00:00+00:00,28469.01157496078,True
2021-02-01 00:00:00+00:00,28815.328678687227,True
2021-02-02 00:00:00+00:00,30522.41429164481,True
2021-02-03 00:00:00+00:00,32383.303241852656,True
2021-02-04 00:00:00+00:00,31837.213411364297,True
2021-02-05 00:00:00+00:00,32969.926109505934,True
2021-02-06 00:00:00+00:00,33834.13467651575,True
2021-02-07 00:00:00+00:00,33389.71145878604,True
2021-02-08 00:00:00+00:00,40001.12495558816,True
2021-02-09 00:00:00+00:00,40084.15160063195,True
2021-02-10 00:00:00+00:00,38643.04799970421,True
2021-02-11 00:00:00+00:00,41317.26985198125,True
2021-02-12 00:00:00+00:00,40861.550343945026,True
2021-02-13 00:00:00+00:00,40694.32071142906,True
2021-02-14 00:00:00+00:00,41904.36955089993,True
2021-02-15 00:00:00+00:00,41340.031866839505,True
2021-02-16 00:00:00+00:00,42411.04944099939,True
2021-02-17 00:00:00+00:00,44901.92381214758,True
2021-02-18 00:00:00+00:00,44504.423646460324,True
2021-02-19 00:00:00+00:00,47972.86160182629,True
2021-02-20 00:00:00+00:00,48187.099003507305,True
2021-02-21 00:00:00+00:00,49558.77168890217,True
2021-02-22 00:00:00+00:00,46663.922420066585,True
2021-02-23 00:00:00+00:00,42092.87745882559,True
2021-02-24 00:00:00+00:00,42793.724289095015,True
2021-02-25 00:00:00+00:00,40511.4815330359,True
2021-02-26 00:00:00+00:00,39850.69090866599,True
2021-02-27 00:00:00+00:00,39692.150730231966,True
2021-02-28 00:00:00+00:00,38848.881570141406,True
2021-03-01 00:00:00+00:00,42697.048668887954,True
2021-03-02 00:00:00+00:00,41688.67988124063,True
2021-03-03 00:00:00+00:00,43341.890878890204,True
2021-03-04 00:00:00+00:00,41606.214784584845,True
2021-03-05 00:00:00+00:00,41949.92505208671,True
2021-03-06 00:00:00+00:00,42057.28216855993,True
2021-03-07 00:00:00+00:00,43839.96603203035,True
2021-03-08 00:00:00+00:00,45076.95217915521,True
2021-03-09 00:00:00+00:00,47267.17143906842,True
2021-03-10 00:00:00+00:00,48165.26887699779,True
2021-03-11 00:00:00+00:00,49781.98416750324,True
2021-03-12 00:00:00+00:00,49368.842984468494,True
2021-03-13 00:00:00+00:00,52778.1926520773,True
2021-03-14 00:00:00+00:00,50820.066533274374,True
2021-03-15 00:00:00+00:00,47933.03777311253,True
2021-03-16 00:00:00+00:00,48996.23483859868,True
2021-03-17 00:00:00+00:00,50710.27201482181,True
2021-03-18 00:00:00+00:00,49637.601266968144,True
2021-03-19 00:00:00+00:00,50016.938296205946,True
2021-03-20 00:00:00+00:00,50059.993452472845,True
2021-03-21 00:00:00+00:00,49418.31962708319,True
2021-03-22 00:00:00+00:00,46544.32504804425,True
2021-03-23 00:00:00+00:00,46824.60230074798,True
2021-03-24 00:00:00+00:00,44975.09435796927,True
2021-03-25 00:00:00+00:00,44141.38359736884,True
2021-03-26 00:00:00+00:00,47351.7447665013,True
2021-03-27 00:00:00+00:00,48018.70272585118,True
2021-03-28 00:00:00+00:00,47995.718031095355,True
2021-03-29 00:00:00+00:00,49636.76379303023,True
2021-03-30 00:00:00+00:00,50612.19737228882,True
2021-03-31 00:00:00+00:00,50661.33514641307,True
2021-04-01 00:00:00+00:00,50617.49576186059,True
2021-04-02 00:00:00+00:00,50823.91265486787,True
2021-04-03 00:00:00+00:00,49150.80062995245,True
2021-04-04 00:00:00+00:00,50099.29690155705,True
2021-04-05 00:00:00+00:00,50969.58808642421,True
2021-04-06 00:00:00+00:00,49952.529844694945,True
2021-04-07 00:00:00+00:00,48158.63440804061,True
2021-04-08 00:00:00+00:00,49983.02765110433,True
2021-04-09 00:00:00+00:00,50004.359172166376,True
2021-04-10 00:00:00+00:00,51499.42210552473,True
2021-04-11 00:00:00+00:00,51685.853254143556,True
2021-04-12 00:00:00+00:00,51573.36718234379,True
2021-04-13 00:00:00+00:00,54788.073078517235,True
2021-04-14 00:00:00+00:00,54301.07153578604,True
2021-04-15 00:00:00+00:00,54419.724942565765,True
2021-04-16 00:00:00+00:00,52833.5074584697,True
2021-04-17 00:00:00+00:00,51693.058968776946,True
2021-04-18 00:00:00+00:00,48248.16725655482,True
2021-04-19 00:00:00+00:00,47794.18563933499,True
2021-04-20 00:00:00+00:00,48484.60512470609,True
2021-04-21 00:00:00+00:00,46170.21138854381,True
2021-04-22 00:00:00+00:00,44394.56380546154,True
2021-04-23 00:00:00+00:00,43899.74175405661,True
2021-04-24 00:00:00+00:00,42951.33019957462,True
2021-04-25 00:00:00+00:00,42046.36591550233,True
2021-04-26 00:00:00+00:00,46345.515681101344,True
2021-04-27 00:00:00+00:00,47234.05471954058,True
2021-04-28 00:00:00+00:00,47072.907704881974,True
2021-04-29 00:00:00+00:00,45946.36234172031,True
2021-04-30 00:00:00+00:00,49570.34152515292,True
2021-05-01 00:00:00+00:00,49672.48496917697,True
2021-05-02 00:00:00+00:00,48601.5521121397,True
2021-05-03 00:00:00+00:00,49112.09989801473,True
2021-05-04 00:00:00+00:00,45665.47029497622,True
2021-05-05 00:00:00+00:00,49374.606128411804,True
2021-05-06 00:00:00+00:00,48425.32562852163,True
2021-05-07 00:00:00+00:00,49268.6795057348,True
2021-05-08 00:00:00+00:00,50615.152774292044,True
2021-05-09 00:00:00+00:00,50011.71254686291,True
2021-05-10 00:00:00+00:00,47922.37567142277,True
2021-05-11 00:00:00+00:00,48671.88344455104,True
2021-05-12 00:00:00+00:00,42607.99027203348,True
2021-05-13 00:00:00+00:00,42560.67510584824,True
2021-05-14 00:00:00+00:00,42689.75585752629,True
2021-05-15 00:00:00+00:00,40067.755446863484,True
2021-05-16 00:00:00+00:00,39705.88204291216,True
2021-05-17 00:00:00+00:00,37222.04395215214,True
2021-05-18 00:00:00+00:00,36626.42423339675,True
2021-05-19 00:00:00+00:00,31250.735824168507,True
2021-05-20 00:00:00+00:00,31239.334171703907,False
2021-05-21 00:00:00+00:00,28673.739262626554,True
2021-05-22 00:00:00+00:00,28659.963288904717,False
2021-05-23 00:00:00+00:00,28659.963288904717,False
2021-05-24 00:00:00+00:00,28659.963288904717,False
2021-05-25 00:00:00+00:00,28659.963288904717,False
2021-05-26 00:00:00+00:00,28659.963288904717,False
2021-05-27 00:00:00+00:00,28659.963288904717,False
2021-05-28 00:00:00+00:00,28659.963288904717,False
2021-05-29 00:00:00+00:00,28659.963288904717,False
2021-05-30 00:00:00+00:00,28659.963288904717,False
2021-05-31 00:00:00+00:00,28659.963288904717,False
2021-06-01 00:00:00+00:00,28659.963288904717,False
2021-06-02 00:00:00+00:00,28659.963288904717,False
2021-06-03 00:00:00+00:00,28659.963288904717,False
2021-06-04 00:00:00+00:00,28659.963288904717,False
2021-06-05 00:00:00+00:00,28659.963288904717,False
2021-06-06 00:00:00+00:00,28659.963288904717,False
2021-06-07 00:00:00+00:00,28659.963288904717,False
2021-06-08 00:00:00+00:00,28659.963288904717,False
2021-06-09 00:00:00+00:00,28659.963288904717,False
2021-06-10 00:00:00+00:00,28659.963288904717,False
2021-06-11 00:00:00+00:00,28659.963288904717,False
2021-06-12 00:00:00+00:00,28659.963288904717,False
2021-06-13 00:00:00+00:00,28659.963288904717,False
2021-06-14 00:00:00+00:00,28659.963288904717,False
2021-06-15 00:00:00+00:00,28659.963288904717,False
2021-06-16 00:00:00+00:00,28659.963288904717,False
2021-06-17 00:00:00+00:00,28659.963288904717,False
2021-06-18 00:00:00+00:00,28659.963288904717,False
2021-06-19 00:00:00+00:00,28659.963288904717,False
2021-06-20 00:00:00+00:00,28659.963288904717,False
2021-06-21 00:00:00+00:00,28659.963288904717,False
2021-06-22 00:00:00+00:00,28659.963288904717,False
2021-06-23 00:00:00+00:00,28659.963288904717,False
2021-06-24 00:00:00+00:00,28659.963288904717,False
2021-06-25 00:00:00+00:00,28659.963288904717,False
2021-06-26 00:00:00+00:00,28659.963288904717,False
2021-06-27 00:00:00+00:00,28659.963288904717,False
2021-06-28 00:00:00+00:00,28659.963288904717,False
2021-06-29 00:00:00+00:00,28659.963288904717,False
2021-06-30 00:00:00+00:00,28659.963288904717,False
2021-07-01 00:00:00+00:00,28659.963288904717,False
2021-07-02 00:00:00+00:00,28659.963288904717,False
2021-07-03 00:00:00+00:00,28659.963288904717,False
2021-07-04 00:00:00+00:00,28659.963288904717,False
2021-07-05 00:00:00+00:00,28659.963288904717,False
2021-07-06 00:00:00+00:00,28659.963288904717,False
2021-07-07 00:00:00+00:00,28659.963288904717,False
2021-07-08 00:00:00+00:00,28659.963288904717,False
2021-07-09 00:00:00+00:00,28659.963288904717,False
2021-07-10 00:00:00+00:00,28659.963288904717,False
2021-07-11 00:00:00+00:00,28659.963288904717,False
2021-07-12 00:00:00+00:00,28659.963288904717,False
2021-07-13 00:00:00+00:00,28659.963288904717,False
2021-07-14 00:00:00+00:00,28659.963288904717,False
2021-07-15 00:00:00+00:00,28659.963288904717,False
2021-07-16 00:00:00+00:00,28659.963288904717,False
2021-07-17 00:00:00+00:00,28659.963288904717,False
2021-07-18 00:00:00+00:00,28659.963288904717,False
2021-07-19 00:00:00+00:00,28659.963288904717,False
2021-07-20 00:00:00+00:00,28659.963288904717,False
2021-07-21 00:00:00+00:00,28659.963288904717,False
2021-07-22 00:00:00+00:00,28659.963288904717,False
2021-07-23 00:00:00+00:00,28659.963288904717,False
2021-07-24 00:00:00+00:00,28659.963288904717,False
2021-07-25 00:00:00+00:00,28659.963288904717,False
2021-07-26 00:00:00+00:00,28659.963288904717,False
2021-07-27 00:00:00+00:00,28659.963288904717,False
2021-07-28 00:00:00+00:00,28659.963288904717,False
2021-07-29 00:00:00+00:00,28659.963288904717,False
2021-07-30 00:00:00+00:00,28659.963288904717,False
2021-07-31 00:00:00+00:00,28659.963288904717,False
2021-08-01 00:00:00+00:00,28659.963288904717,False
2021-08-02 00:00:00+00:00,28659.963288904717,False
2021-08-03 00:00:00+00:00,28659.963288904717,False
2021-08-04 00:00:00+00:00,28659.963288904717,False
2021-08-05 00:00:00+00:00,28659.963288904717,False
2021-08-06 00:00:00+00:00,28659.963288904717,False
2021-08-07 00:00:00+00:00,28659.963288904717,False
2021-08-08 00:00:00+00:00,28659.963288904717,False
2021-08-09 00:00:00+00:00,28659.963288904717,False
2021-08-10 00:00:00+00:00,28209.5337118614,True
2021-08-11 00:00:00+00:00,28158.868192202153,True
2021-08-12 00:00:00+00:00,27450.541159785014,True
2021-08-13 00:00:00+00:00,27442.292518566384,False
2021-08-14 00:00:00+00:00,27003.558775171594,True
2021-08-15 00:00:00+00:00,26937.425706070055,True
2021-08-16 00:00:00+00:00,26318.058502153846,True
2021-08-17 00:00:00+00:00,25597.21726521982,True
2021-08-18 00:00:00+00:00,25592.157690144173,False
2021-08-19 00:00:00+00:00,25592.157690144173,False
2021-08-20 00:00:00+00:00,26962.676031353196,True
2021-08-21 00:00:00+00:00,26695.387206768122,True
2021-08-22 00:00:00+00:00,26913.439668079453,True
2021-08-23 00:00:00+00:00,27074.650357168684,True
2021-08-24 00:00:00+00:00,26047.649384615128,True
2021-08-25 00:00:00+00:00,26748.310354312194,True
2021-08-26 00:00:00+00:00,25564.994508147858,True
2021-08-27 00:00:00+00:00,26782.15042736306,True
2021-08-28 00:00:00+00:00,26683.747252937883,True
2021-08-29 00:00:00+00:00,26602.833854581044,True
2021-08-30 00:00:00+00:00,25637.59365376881,True
2021-08-31 00:00:00+00:00,25705.343351992855,True
2021-09-01 00:00:00+00:00,26620.80063402921,True
2021-09-02 00:00:00+00:00,26857.982537915286,True
2021-09-03 00:00:00+00:00,27253.118981918553,True
2021-09-04 00:00:00+00:00,27185.869471115104,True
2021-09-05 00:00:00+00:00,28214.46374209352,True
2021-09-06 00:00:00+00:00,28676.279957357332,True
2021-09-07 00:00:00+00:00,25478.36053032119,True
2021-09-08 00:00:00+00:00,25035.080834048455,True
2021-09-09 00:00:00+00:00,25214.32785470816,True
2021-09-10 00:00:00+00:00,24360.038420829453,True
2021-09-11 00:00:00+00:00,24346.63233341894,False
2021-09-12 00:00:00+00:00,24346.63233341894,False
2021-09-13 00:00:00+00:00,23755.591880737396,True
2021-09-14 00:00:00+00:00,23742.745679036187,False
2021-09-15 00:00:00+00:00,24230.82345533183,True
2021-09-16 00:00:00+00:00,24037.393515081163,True
2021-09-17 00:00:00+00:00,23802.169797752038,True
2021-09-18 00:00:00+00:00,24296.07125162302,True
2021-09-19 00:00:00+00:00,23764.766318364567,True
2021-09-20 00:00:00+00:00,21629.184592672726,True
2021-09-21 00:00:00+00:00,21616.87684768646,False
2021-09-22 00:00:00+00:00,21616.87684768646,False
2021-09-23 00:00:00+00:00,21616.87684768646,False
2021-09-24 00:00:00+00:00,21616.87684768646,False
2021-09-25 00:00:00+00:00,21616.87684768646,False
2021-09-26 00:00:00+00:00,21616.87684768646,False
2021-09-27 00:00:00+00:00,21616.87684768646,False
2021-09-28 00:00:00+00:00,21616.87684768646,False
2021-09-29 00:00:00+00:00,21616.87684768646,False
2021-09-30 00:00:00+00:00,21616.87684768646,False
2021-10-01 00:00:00+00:00,21616.87684768646,False
2021-10-02 00:00:00+00:00,21377.113018435215,True
2021-10-03 00:00:00+00:00,21614.63764125866,True
2021-10-04 00:00:00+00:00,22054.903720770933,True
2021-10-05 00:00:00+00:00,23067.510726687942,True
2021-10-06 00:00:00+00:00,24815.279784624825,True
2021-10-07 00:00:00+00:00,24122.97467356346,True
2021-10-08 00:00:00+00:00,24185.56750853593,True
2021-10-09 00:00:00+00:00,24613.722925812363,True
2021-10-10 00:00:00+00:00,24497.347085521906,True
2021-10-11 00:00:00+00:00,25749.924620926795,True
2021-10-12 00:00:00+00:00,25049.545735041538,True
2021-10-13 00:00:00+00:00,25673.265920274447,True
2021-10-14 00:00:00+00:00,25672.16564274733,True
2021-10-15 00:00:00+00:00,27660.353773217867,True
2021-10-16 00:00:00+00:00,27229.10071479565,True
2021-10-17 00:00:00+00:00,27512.376728287814,True
2021-10-18 00:00:00+00:00,27745.415920653544,True
2021-10-19 00:00:00+00:00,28736.044317327734,True
2021-10-20 00:00:00+00:00,29520.7914559927,True
2021-10-21 00:00:00+00:00,27829.132438951903,True
2021-10-22 00:00:00+00:00,27106.77494382383,True
2021-10-23 00:00:00+00:00,27386.46261294982,True
2021-10-24 00:00:00+00:00,27182.620878733876,True
2021-10-25 00:00:00+00:00,28168.315301904582,True
2021-10-26 00:00:00+00:00,26973.64197957887,True
2021-10-27 00:00:00+00:00,26044.9546833958,True
2021-10-28 00:00:00+00:00,27038.274338344625,True
2021-10-29 00:00:00+00:00,27779.51280156973,True
2021-10-30 00:00:00+00:00,27591.370073955797,True
2021-10-31 00:00:00+00:00,27322.04105505718,True
2021-11-01 00:00:00+00:00,27144.66336054177,True
2021-11-02 00:00:00+00:00,28194.05089621206,True
2021-11-03 00:00:00+00:00,28028.783863932484,True
2021-11-04 00:00:00+00:00,27340.515640283065,True
2021-11-05 00:00:00+00:00,27144.747680891014,True
2021-11-06 00:00:00+00:00,27364.779124929362,True
2021-11-07 00:00:00+00:00,28197.968912537675,True
2021-11-08 00:00:00+00:00,30142.64836756835,True
2021-11-09 00:00:00+00:00,29793.927229568137,True
2021-11-10 00:00:00+00:00,28889.46125785674,True
2021-11-11 00:00:00+00:00,28844.40376184399,True
2021-11-12 00:00:00+00:00,28513.175802628873,True
2021-11-13 00:00:00+00:00,28636.770491826297,True
2021-11-14 00:00:00+00:00,29129.06756464809,True
2021-11-15 00:00:00+00:00,28277.081129291986,True
2021-11-16 00:00:00+00:00,26668.851118764735,True
2021-11-17 00:00:00+00:00,26783.474947046725,True
2021-11-18 00:00:00+00:00,25219.202155005103,True
2021-11-19 00:00:00+00:00,25743.794327122458,True
2021-11-20 00:00:00+00:00,26468.43669765401,True
2021-11-21 00:00:00+00:00,25979.770129373013,True
2021-11-22 00:00:00+00:00,24912.93157509225,True
2021-11-23 00:00:00+00:00,25498.077058388793,True
2021-11-24 00:00:00+00:00,25302.75764204251,True
2021-11-25 00:00:00+00:00,26109.931932996064,True
2021-11-26 00:00:00+00:00,23762.50298303699,True
2021-11-27 00:00:00+00:00,24199.180718183085,True
2021-11-28 00:00:00+00:00,25342.313750419667,True
2021-11-29 00:00:00+00:00,25569.521883190362,True
2021-11-30 00:00:00+00:00,25183.123129345324,True
2021-12-01 00:00:00+00:00,25296.84987153577,True
2021-12-02 00:00:00+00:00,24960.239395771394,True
2021-12-03 00:00:00+00:00,23668.232232513215,True
2021-12-04 00:00:00+00:00,21639.268845052073,True
2021-12-05 00:00:00+00:00,21720.25194490118,True
2021-12-06 00:00:00+00:00,22201.33544157868,True
2021-12-07 00:00:00+00:00,22258.99430304766,True
2021-12-08 00:00:00+00:00,22192.85528388364,True
2021-12-09 00:00:00+00:00,20882.457855748824,True
2021-12-10 00:00:00+00:00,20697.454929455293,True
2021-12-11 00:00:00+00:00,21687.63478308371,True
2021-12-12 00:00:00+00:00,21990.19814754406,True
2021-12-13 00:00:00+00:00,20473.022375308472,True
2021-12-14 00:00:00+00:00,20463.997104685743,False
2021-12-15 00:00:00+00:00,20671.443803505303,True
2021-12-16 00:00:00+00:00,20137.298363574646,True
2021-12-17 00:00:00+00:00,19498.651263367155,True
2021-12-18 00:00:00+00:00,19490.140078330605,False
2021-12-19 00:00:00+00:00,19490.140078330605,False
2021-12-20 00:00:00+00:00,19490.140078330605,False
2021-12-21 00:00:00+00:00,19490.140078330605,False
2021-12-22 00:00:00+00:00,19360.17392204755,True
2021-12-23 00:00:00+00:00,20245.45966169638,True
2021-12-24 00:00:00+00:00,20233.636596978442,True
2021-12-25 00:00:00+00:00,20070.767669597237,True
2021-12-26 00:00:00+00:00,20205.60655068426,True
2021-12-27 00:00:00+00:00,20181.030273287626,True
2021-12-28 00:00:00+00:00,18899.46547124737,True
2021-12-29 00:00:00+00:00,18891.32852338526,False
2021-12-30 00:00:00+00:00,18891.32852338526,False
2021-12-31 00:00:00+00:00,18891.32852338526,False
2022-01-01 00:00:00+00:00,18891.32852338526,False
2022-01-02 00:00:00+00:00,18891.32852338526,False
2022-01-03 00:00:00+00:00,18891.32852338526,False
2022-01-04 00:00:00+00:00,18891.32852338526,False
2022-01-05 00:00:00+00:00,18891.32852338526,False
2022-01-06 00:00:00+00:00,18891.32852338526,False
2022-01-07 00:00:00+00:00,18891.32852338526,False
2022-01-08 00:00:00+00:00,18891.32852338526,False
2022-01-09 00:00:00+00:00,18891.32852338526,False
2022-01-10 00:00:00+00:00,18891.32852338526,False
2022-01-11 00:00:00+00:00,18891.32852338526,False
2022-01-12 00:00:00+00:00,18891.32852338526,False
2022-01-13 00:00:00+00:00,18891.32852338526,False
2022-01-14 00:00:00+00:00,18891.32852338526,False
2022-01-15 00:00:00+00:00,18891.32852338526,False
2022-01-16 00:00:00+00:00,18891.32852338526,False
2022-01-17 00:00:00+00:00,18891.32852338526,False
2022-01-18 00:00:00+00:00,18891.32852338526,False
2022-01-19 00:00:00+00:00,18891.32852338526,False
2022-01-20 00:00:00+00:00,18891.32852338526,False
2022-01-21 00:00:00+00:00,18891.32852338526,False
2022-01-22 00:00:00+00:00,18891.32852338526,False
2022-01-23 00:00:00+00:00,18891.32852338526,False
2022-01-24 00:00:00+00:00,18891.32852338526,False
2022-01-25 00:00:00+00:00,18891.32852338526,False
2022-01-26 00:00:00+00:00,18891.32852338526,False
2022-01-27 00:00:00+00:00,18891.32852338526,False
2022-01-28 00:00:00+00:00,18891.32852338526,False
2022-01-29 00:00:00+00:00,18891.32852338526,False
2022-01-30 00:00:00+00:00,18891.32852338526,False
2022-01-31 00:00:00+00:00,18891.32852338526,False
2022-02-01 00:00:00+00:00,18891.32852338526,False
2022-02-02 00:00:00+00:00,18891.32852338526,False
2022-02-03 00:00:00+00:00,18891.32852338526,False
2022-02-04 00:00:00+00:00,18891.32852338526,False
2022-02-05 00:00:00+00:00,18891.32852338526,False
2022-02-06 00:00:00+00:00,18891.32852338526,False
2022-02-07 00:00:00+00:00,18891.32852338526,False
2022-02-08 00:00:00+00:00,18891.32852338526,False
2022-02-09 00:00:00+00:00,18891.32852338526,False
2022-02-10 00:00:00+00:00,18891.32852338526,False
2022-02-11 00:00:00+00:00,18891.32852338526,False
2022-02-12 00:00:00+00:00,18891.32852338526,False
2022-02-13 00:00:00+00:00,18891.32852338526,False
2022-02-14 00:00:00+00:00,18891.32852338526,False
2022-02-15 00:00:00+00:00,18891.32852338526,False
2022-02-16 00:00:00+00:00,18891.32852338526,False
2022-02-17 00:00:00+00:00,18891.32852338526,False
2022-02-18 00:00:00+00:00,18891.32852338526,False
2022-02-19 00:00:00+00:00,18891.32852338526,False
2022-02-20 00:00:00+00:00,18891.32852338526,False
2022-02-21 00:00:00+00:00,18891.32852338526,False
2022-02-22 00:00:00+00:00,18891.32852338526,False
2022-02-23 00:00:00+00:00,18891.32852338526,False
2022-02-24 00:00:00+00:00,18891.32852338526,False
2022-02-25 00:00:00+00:00,18891.32852338526,False
2022-02-26 00:00:00+00:00,18891.32852338526,False
2022-02-27 00:00:00+00:00,18891.32852338526,False
2022-02-28 00:00:00+00:00,18891.32852338526,False
2022-03-01 00:00:00+00:00,18891.32852338526,False
2022-03-02 00:00:00+00:00,18891.32852338526,False
2022-03-03 00:00:00+00:00,18891.32852338526,False
2022-03-04 00:00:00+00:00,18891.32852338526,False
2022-03-05 00:00:00+00:00,18891.32852338526,False
2022-03-06 00:00:00+00:00,18891.32852338526,False
2022-03-07 00:00:00+00:00,18891.32852338526,False
2022-03-08 00:00:00+00:00,18891.32852338526,False
2022-03-09 00:00:00+00:00,18891.32852338526,False
2022-03-10 00:00:00+00:00,18891.32852338526,False
2022-03-11 00:00:00+00:00,18891.32852338526,False
2022-03-12 00:00:00+00:00,18891.32852338526,False
2022-03-13 00:00:00+00:00,18891.32852338526,False
2022-03-14 00:00:00+00:00,18891.32852338526,False
2022-03-15 00:00:00+00:00,18891.32852338526,False
2022-03-16 00:00:00+00:00,18891.32852338526,False
2022-03-17 00:00:00+00:00,18891.32852338526,False
2022-03-18 00:00:00+00:00,18891.32852338526,False
2022-03-19 00:00:00+00:00,18891.32852338526,False
2022-03-20 00:00:00+00:00,18891.32852338526,False
2022-03-21 00:00:00+00:00,18891.32852338526,False
2022-03-22 00:00:00+00:00,18891.32852338526,False
2022-03-23 00:00:00+00:00,18891.32852338526,False
2022-03-24 00:00:00+00:00,18891.32852338526,False
2022-03-25 00:00:00+00:00,18891.32852338526,False
2022-03-26 00:00:00+00:00,18891.32852338526,False
2022-03-27 00:00:00+00:00,18891.32852338526,False
2022-03-28 00:00:00+00:00,18891.32852338526,False
2022-03-29 00:00:00+00:00,18891.32852338526,False
2022-03-30 00:00:00+00:00,18891.32852338526,False
2022-03-31 00:00:00+00:00,18891.32852338526,False
2022-04-01 00:00:00+00:00,18891.32852338526,False
2022-04-02 00:00:00+00:00,18891.32852338526,False
2022-04-03 00:00:00+00:00,18891.32852338526,False
2022-04-04 00:00:00+00:00,18891.32852338526,False
2022-04-05 00:00:00+00:00,18891.32852338526,False
2022-04-06 00:00:00+00:00,18891.32852338526,False
2022-04-07 00:00:00+00:00,18891.32852338526,False
2022-04-08 00:00:00+00:00,18891.32852338526,False
2022-04-09 00:00:00+00:00,18891.32852338526,False
2022-04-10 00:00:00+00:00,18891.32852338526,False
2022-04-11 00:00:00+00:00,18891.32852338526,False
2022-04-12 00:00:00+00:00,18891.32852338526,False
2022-04-13 00:00:00+00:00,18891.32852338526,False
2022-04-14 00:00:00+00:00,18891.32852338526,False
2022-04-15 00:00:00+00:00,18891.32852338526,False
2022-04-16 00:00:00+00:00,18891.32852338526,False
2022-04-17 00:00:00+00:00,18891.32852338526,False
2022-04-18 00:00:00+00:00,18891.32852338526,False
2022-04-19 00:00:00+00:00,18891.32852338526,False
2022-04-20 00:00:00+00:00,18891.32852338526,False
2022-04-21 00:00:00+00:00,18891.32852338526,False
2022-04-22 00:00:00+00:00,18891.32852338526,False
2022-04-23 00:00:00+00:00,18891.32852338526,False
2022-04-24 00:00:00+00:00,18891.32852338526,False
2022-04-25 00:00:00+00:00,18891.32852338526,False
2022-04-26 00:00:00+00:00,18891.32852338526,False
2022-04-27 00:00:00+00:00,18891.32852338526,False
2022-04-28 00:00:00+00:00,18891.32852338526,False
2022-04-29 00:00:00+00:00,18891.32852338526,False
2022-04-30 00:00:00+00:00,18891.32852338526,False
2022-05-01 00:00:00+00:00,18891.32852338526,False
2022-05-02 00:00:00+00:00,18891.32852338526,False
2022-05-03 00:00:00+00:00,18891.32852338526,False
2022-05-04 00:00:00+00:00,18891.32852338526,False
2022-05-05 00:00:00+00:00,18891.32852338526,False
2022-05-06 00:00:00+00:00,18891.32852338526,False
2022-05-07 00:00:00+00:00,18891.32852338526,False
2022-05-08 00:00:00+00:00,18891.32852338526,False
2022-05-09 00:00:00+00:00,18891.32852338526,False
2022-05-10 00:00:00+00:00,18891.32852338526,False
2022-05-11 00:00:00+00:00,18891.32852338526,False
2022-05-12 00:00:00+00:00,18891.32852338526,False
2022-05-13 00:00:00+00:00,18891.32852338526,False
2022-05-14 00:00:00+00:00,18891.32852338526,False
2022-05-15 00:00:00+00:00,18891.32852338526,False
2022-05-16 00:00:00+00:00,18891.32852338526,False
2022-05-17 00:00:00+00:00,18891.32852338526,False
2022-05-18 00:00:00+00:00,18891.32852338526,False
2022-05-19 00:00:00+00:00,18891.32852338526,False
2022-05-20 00:00:00+00:00,18891.32852338526,False
2022-05-21 00:00:00+00:00,18891.32852338526,False
2022-05-22 00:00:00+00:00,18891.32852338526,False
2022-05-23 00:00:00+00:00,18891.32852338526,False
2022-05-24 00:00:00+00:00,18891.32852338526,False
2022-05-25 00:00:00+00:00,18891.32852338526,False
2022-05-26 00:00:00+00:00,18891.32852338526,False
2022-05-27 00:00:00+00:00,18891.32852338526,False
2022-05-28 00:00:00+00:00,18891.32852338526,False
2022-05-29 00:00:00+00:00,18891.32852338526,False
2022-05-30 00:00:00+00:00,18891.32852338526,False
2022-05-31 00:00:00+00:00,18891.32852338526,False
2022-06-01 00:00:00+00:00,18891.32852338526,False
2022-06-02 00:00:00+00:00,18891.32852338526,False
2022-06-03 00:00:00+00:00,18891.32852338526,False
2022-06-04 00:00:00+00:00,18891.32852338526,False
2022-06-05 00:00:00+00:00,18891.32852338526,False
2022-06-06 00:00:00+00:00,18891.32852338526,False
2022-06-07 00:00:00+00:00,18891.32852338526,False
2022-06-08 00:00:00+00:00,18891.32852338526,False
2022-06-09 00:00:00+00:00,18891.32852338526,False
2022-06-10 00:00:00+00:00,18891.32852338526,False
2022-06-11 00:00:00+00:00,18891.32852338526,False
2022-06-12 00:00:00+00:00,18891.32852338526,False
2022-06-13 00:00:00+00:00,18891.32852338526,False
2022-06-14 00:00:00+00:00,18891.32852338526,False
2022-06-15 00:00:00+00:00,18891.32852338526,False
2022-06-16 00:00:00+00:00,18891.32852338526,False
2022-06-17 00:00:00+00:00,18891.32852338526,False
2022-06-18 00:00:00+00:00,18891.32852338526,False
2022-06-19 00:00:00+00:00,18891.32852338526,False
2022-06-20 00:00:00+00:00,18891.32852338526,False
2022-06-21 00:00:00+00:00,18891.32852338526,False
2022-06-22 00:00:00+00:00,18891.32852338526,False
2022-06-23 00:00:00+00:00,18891.32852338526,False
2022-06-24 00:00:00+00:00,18891.32852338526,False
2022-06-25 00:00:00+00:00,18891.32852338526,False
2022-06-26 00:00:00+00:00,18891.32852338526,False
2022-06-27 00:00:00+00:00,18891.32852338526,False
2022-06-28 00:00:00+00:00,18891.32852338526,False
2022-06-29 00:00:00+00:00,18891.32852338526,False
2022-06-30 00:00:00+00:00,18891.32852338526,False
2022-07-01 00:00:00+00:00,18891.32852338526,False
2022-07-02 00:00:00+00:00,18891.32852338526,False
2022-07-03 00:00:00+00:00,18891.32852338526,False
2022-07-04 00:00:00+00:00,18891.32852338526,False
2022-07-05 00:00:00+00:00,18891.32852338526,False
2022-07-06 00:00:00+00:00,18891.32852338526,False
2022-07-07 00:00:00+00:00,18891.32852338526,False
2022-07-08 00:00:00+00:00,18891.32852338526,False
2022-07-09 00:00:00+00:00,18891.32852338526,False
2022-07-10 00:00:00+00:00,18891.32852338526,False
2022-07-11 00:00:00+00:00,18891.32852338526,False
2022-07-12 00:00:00+00:00,18891.32852338526,False
2022-07-13 00:00:00+00:00,18891.32852338526,False
2022-07-14 00:00:00+00:00,18891.32852338526,False
2022-07-15 00:00:00+00:00,18891.32852338526,False
2022-07-16 00:00:00+00:00,18891.32852338526,False
2022-07-17 00:00:00+00:00,18891.32852338526,False
2022-07-18 00:00:00+00:00,18891.32852338526,False
2022-07-19 00:00:00+00:00,18891.32852338526,False
2022-07-20 00:00:00+00:00,18891.32852338526,False
2022-07-21 00:00:00+00:00,18891.32852338526,False
2022-07-22 00:00:00+00:00,18891.32852338526,False
2022-07-23 00:00:00+00:00,18891.32852338526,False
2022-07-24 00:00:00+00:00,18891.32852338526,False
2022-07-25 00:00:00+00:00,18891.32852338526,False
2022-07-26 00:00:00+00:00,18891.32852338526,False
2022-07-27 00:00:00+00:00,18891.32852338526,False
2022-07-28 00:00:00+00:00,18891.32852338526,False
2022-07-29 00:00:00+00:00,18891.32852338526,False
2022-07-30 00:00:00+00:00,18891.32852338526,False
2022-07-31 00:00:00+00:00,18891.32852338526,False
2022-08-01 00:00:00+00:00,18891.32852338526,False
2022-08-02 00:00:00+00:00,18891.32852338526,False
2022-08-03 00:00:00+00:00,18891.32852338526,False
2022-08-04 00:00:00+00:00,18891.32852338526,False
2022-08-05 00:00:00+00:00,18891.32852338526,False
2022-08-06 00:00:00+00:00,18891.32852338526,False
2022-08-07 00:00:00+00:00,18891.32852338526,False
2022-08-08 00:00:00+00:00,18891.32852338526,False
2022-08-09 00:00:00+00:00,18891.32852338526,False
2022-08-10 00:00:00+00:00,18891.32852338526,False
2022-08-11 00:00:00+00:00,18891.32852338526,False
2022-08-12 00:00:00+00:00,18891.32852338526,False
2022-08-13 00:00:00+00:00,18891.32852338526,False
2022-08-14 00:00:00+00:00,18891.32852338526,False
2022-08-15 00:00:00+00:00,18891.32852338526,False
2022-08-16 00:00:00+00:00,18891.32852338526,False
2022-08-17 00:00:00+00:00,18891.32852338526,False
2022-08-18 00:00:00+00:00,18891.32852338526,False
2022-08-19 00:00:00+00:00,18891.32852338526,False
2022-08-20 00:00:00+00:00,18891.32852338526,False
2022-08-21 00:00:00+00:00,18891.32852338526,False
2022-08-22 00:00:00+00:00,18891.32852338526,False
2022-08-23 00:00:00+00:00,18891.32852338526,False
2022-08-24 00:00:00+00:00,18891.32852338526,False
2022-08-25 00:00:00+00:00,18891.32852338526,False
2022-08-26 00:00:00+00:00,18891.32852338526,False
2022-08-27 00:00:00+00:00,18891.32852338526,False
2022-08-28 00:00:00+00:00,18891.32852338526,False
2022-08-29 00:00:00+00:00,18891.32852338526,False
2022-08-30 00:00:00+00:00,18891.32852338526,False
2022-08-31 00:00:00+00:00,18891.32852338526,False
2022-09-01 00:00:00+00:00,18891.32852338526,False
2022-09-02 00:00:00+00:00,18891.32852338526,False
2022-09-03 00:00:00+00:00,18891.32852338526,False
2022-09-04 00:00:00+00:00,18891.32852338526,False
2022-09-05 00:00:00+00:00,18891.32852338526,False
2022-09-06 00:00:00+00:00,18891.32852338526,False
2022-09-07 00:00:00+00:00,18891.32852338526,False
2022-09-08 00:00:00+00:00,18891.32852338526,False
2022-09-09 00:00:00+00:00,18891.32852338526,False
2022-09-10 00:00:00+00:00,18891.32852338526,False
2022-09-11 00:00:00+00:00,18891.32852338526,False
2022-09-12 00:00:00+00:00,18891.32852338526,False
2022-09-13 00:00:00+00:00,18891.32852338526,False
2022-09-14 00:00:00+00:00,18891.32852338526,False
2022-09-15 00:00:00+00:00,18891.32852338526,False
2022-09-16 00:00:00+00:00,18891.32852338526,False
2022-09-17 00:00:00+00:00,18891.32852338526,False
2022-09-18 00:00:00+00:00,18891.32852338526,False
2022-09-19 00:00:00+00:00,18891.32852338526,False
2022-09-20 00:00:00+00:00,18891.32852338526,False
2022-09-21 00:00:00+00:00,18891.32852338526,False
2022-09-22 00:00:00+00:00,18891.32852338526,False
2022-09-23 00:00:00+00:00,18891.32852338526,False
2022-09-24 00:00:00+00:00,18891.32852338526,False
2022-09-25 00:00:00+00:00,18891.32852338526,False
2022-09-26 00:00:00+00:00,18891.32852338526,False
2022-09-27 00:00:00+00:00,18891.32852338526,False
2022-09-28 00:00:00+00:00,18891.32852338526,False
2022-09-29 00:00:00+00:00,18891.32852338526,False
2022-09-30 00:00:00+00:00,18891.32852338526,False
2022-10-01 00:00:00+00:00,18891.32852338526,False
2022-10-02 00:00:00+00:00,18891.32852338526,False
2022-10-03 00:00:00+00:00,18891.32852338526,False
2022-10-04 00:00:00+00:00,18891.32852338526,False
2022-10-05 00:00:00+00:00,18891.32852338526,False
2022-10-06 00:00:00+00:00,18891.32852338526,False
2022-10-07 00:00:00+00:00,18891.32852338526,False
2022-10-08 00:00:00+00:00,18891.32852338526,False
2022-10-09 00:00:00+00:00,18891.32852338526,False
2022-10-10 00:00:00+00:00,18891.32852338526,False
2022-10-11 00:00:00+00:00,18891.32852338526,False
2022-10-12 00:00:00+00:00,18891.32852338526,False
2022-10-13 00:00:00+00:00,18891.32852338526,False
2022-10-14 00:00:00+00:00,18891.32852338526,False
2022-10-15 00:00:00+00:00,18891.32852338526,False
2022-10-16 00:00:00+00:00,18891.32852338526,False
2022-10-17 00:00:00+00:00,18891.32852338526,False
2022-10-18 00:00:00+00:00,18891.32852338526,False
2022-10-19 00:00:00+00:00,18891.32852338526,False
2022-10-20 00:00:00+00:00,18891.32852338526,False
2022-10-21 00:00:00+00:00,18891.32852338526,False
2022-10-22 00:00:00+00:00,18891.32852338526,False
2022-10-23 00:00:00+00:00,18891.32852338526,False
2022-10-24 00:00:00+00:00,18891.32852338526,False
2022-10-25 00:00:00+00:00,18891.32852338526,False
2022-10-26 00:00:00+00:00,18891.32852338526,False
2022-10-27 00:00:00+00:00,18891.32852338526,False
2022-10-28 00:00:00+00:00,18891.32852338526,False
2022-10-29 00:00:00+00:00,18891.32852338526,False
2022-10-30 00:00:00+00:00,18891.32852338526,False
2022-10-31 00:00:00+00:00,18891.32852338526,False
2022-11-01 00:00:00+00:00,18891.32852338526,False
2022-11-02 00:00:00+00:00,18891.32852338526,False
2022-11-03 00:00:00+00:00,18891.32852338526,False
2022-11-04 00:00:00+00:00,18891.32852338526,False
2022-11-05 00:00:00+00:00,18891.32852338526,False
2022-11-06 00:00:00+00:00,18891.32852338526,False
2022-11-07 00:00:00+00:00,18891.32852338526,False
2022-11-08 00:00:00+00:00,18891.32852338526,False
2022-11-09 00:00:00+00:00,18891.32852338526,False
2022-11-10 00:00:00+00:00,18891.32852338526,False
2022-11-11 00:00:00+00:00,18891.32852338526,False
2022-11-12 00:00:00+00:00,18891.32852338526,False
2022-11-13 00:00:00+00:00,18891.32852338526,False
2022-11-14 00:00:00+00:00,18891.32852338526,False
2022-11-15 00:00:00+00:00,18891.32852338526,False
2022-11-16 00:00:00+00:00,18891.32852338526,False
2022-11-17 00:00:00+00:00,18891.32852338526,False
2022-11-18 00:00:00+00:00,18891.32852338526,False
2022-11-19 00:00:00+00:00,18891.32852338526,False
2022-11-20 00:00:00+00:00,18891.32852338526,False
2022-11-21 00:00:00+00:00,18891.32852338526,False
2022-11-22 00:00:00+00:00,18891.32852338526,False
2022-11-23 00:00:00+00:00,18891.32852338526,False
2022-11-24 00:00:00+00:00,18891.32852338526,False
2022-11-25 00:00:00+00:00,18891.32852338526,False
2022-11-26 00:00:00+00:00,18891.32852338526,False
2022-11-27 00:00:00+00:00,18891.32852338526,False
2022-11-28 00:00:00+00:00,18891.32852338526,False
2022-11-29 00:00:00+00:00,18891.32852338526,False
2022-11-30 00:00:00+00:00,18891.32852338526,False
2022-12-01 00:00:00+00:00,18891.32852338526,False
2022-12-02 00:00:00+00:00,18891.32852338526,False
2022-12-03 00:00:00+00:00,18891.32852338526,False
2022-12-04 00:00:00+00:00,18891.32852338526,False
2022-12-05 00:00:00+00:00,18891.32852338526,False
2022-12-06 00:00:00+00:00,18891.32852338526,False
2022-12-07 00:00:00+00:00,18891.32852338526,False
2022-12-08 00:00:00+00:00,18891.32852338526,False
2022-12-09 00:00:00+00:00,18891.32852338526,False
2022-12-10 00:00:00+00:00,18891.32852338526,False
2022-12-11 00:00:00+00:00,18891.32852338526,False
2022-12-12 00:00:00+00:00,18891.32852338526,False
2022-12-13 00:00:00+00:00,18891.32852338526,False
2022-12-14 00:00:00+00:00,18891.32852338526,False
2022-12-15 00:00:00+00:00,18891.32852338526,False
2022-12-16 00:00:00+00:00,18891.32852338526,False
2022-12-17 00:00:00+00:00,18891.32852338526,False
2022-12-18 00:00:00+00:00,18891.32852338526,False
2022-12-19 00:00:00+00:00,18891.32852338526,False
2022-12-20 00:00:00+00:00,18891.32852338526,False
2022-12-21 00:00:00+00:00,18891.32852338526,False
2022-12-22 00:00:00+00:00,18891.32852338526,False
2022-12-23 00:00:00+00:00,18891.32852338526,False
2022-12-24 00:00:00+00:00,18891.32852338526,False
2022-12-25 00:00:00+00:00,18891.32852338526,False
2022-12-26 00:00:00+00:00,18891.32852338526,False
2022-12-27 00:00:00+00:00,18891.32852338526,False
2022-12-28 00:00:00+00:00,18891.32852338526,False
2022-12-29 00:00:00+00:00,18891.32852338526,False
2022-12-30 00:00:00+00:00,18891.32852338526,False
2022-12-31 00:00:00+00:00,18891.32852338526,False
2023-01-01 00:00:00+00:00,18891.32852338526,False
2023-01-02 00:00:00+00:00,18891.32852338526,False
2023-01-03 00:00:00+00:00,18891.32852338526,False
2023-01-04 00:00:00+00:00,18891.32852338526,False
2023-01-05 00:00:00+00:00,18891.32852338526,False
2023-01-06 00:00:00+00:00,18891.32852338526,False
2023-01-07 00:00:00+00:00,18891.32852338526,False
2023-01-08 00:00:00+00:00,18891.32852338526,False
2023-01-09 00:00:00+00:00,18891.32852338526,False
2023-01-10 00:00:00+00:00,18891.32852338526,False
2023-01-11 00:00:00+00:00,18891.32852338526,False
2023-01-12 00:00:00+00:00,18891.32852338526,False
2023-01-13 00:00:00+00:00,18891.32852338526,False
2023-01-14 00:00:00+00:00,19855.29053307997,True
2023-01-15 00:00:00+00:00,19782.331899229084,True
2023-01-16 00:00:00+00:00,20061.951817018173,True
2023-01-17 00:00:00+00:00,20009.844602887933,True
2023-01-18 00:00:00+00:00,19574.82949934224,True
2023-01-19 00:00:00+00:00,19943.541846846805,True
2023-01-20 00:00:00+00:00,21454.34331995934,True
2023-01-21 00:00:00+00:00,21536.822542207796,True
2023-01-22 00:00:00+00:00,21472.394034606266,True
2023-01-23 00:00:00+00:00,21667.6604817073,True
2023-01-24 00:00:00+00:00,21394.717776899335,True
2023-01-25 00:00:00+00:00,21795.655045790347,True
2023-01-26 00:00:00+00:00,21742.600039854624,True
2023-01-27 00:00:00+00:00,21792.854340716633,True
2023-01-28 00:00:00+00:00,21737.903751169943,True
2023-01-29 00:00:00+00:00,22418.439602678674,True
2023-01-30 00:00:00+00:00,21550.283644026887,True
2023-01-31 00:00:00+00:00,21817.582268344686,True
2023-02-01 00:00:00+00:00,22377.748560556975,True
2023-02-02 00:00:00+00:00,22150.299862412234,True
2023-02-03 00:00:00+00:00,22096.297064671027,True
2023-02-04 00:00:00+00:00,21993.956884850148,True
2023-02-05 00:00:00+00:00,21617.70487324445,True
2023-02-06 00:00:00+00:00,21449.019267039705,True
2023-02-07 00:00:00+00:00,21893.55495898297,True
2023-02-08 00:00:00+00:00,21615.87329514759,True
2023-02-09 00:00:00+00:00,20505.082634291954,True
2023-02-10 00:00:00+00:00,20346.82273794753,True
2023-02-11 00:00:00+00:00,20550.619311297913,True
2023-02-12 00:00:00+00:00,20472.92171841961,True
2023-02-13 00:00:00+00:00,20457.778384703237,True
2023-02-14 00:00:00+00:00,20853.97669456683,True
2023-02-15 00:00:00+00:00,22872.79457541868,True
2023-02-16 00:00:00+00:00,22088.99208745495,True
2023-02-17 00:00:00+00:00,23088.93377741172,True
2023-02-18 00:00:00+00:00,23142.979245495662,True
2023-02-19 00:00:00+00:00,22790.422029027064,True
2023-02-20 00:00:00+00:00,23334.47586054613,True
2023-02-21 00:00:00+00:00,22946.850347274627,True
2023-02-22 00:00:00+00:00,22694.759062187306,True
2023-02-23 00:00:00+00:00,22450.250111543857,True
2023-02-24 00:00:00+00:00,21738.479800796897,True
2023-02-25 00:00:00+00:00,21709.119589998267,True
2023-02-26 00:00:00+00:00,22078.779729308317,True
2023-02-27 00:00:00+00:00,22001.082136430014,True
2023-02-28 00:00:00+00:00,21671.271923293025,True
2023-03-01 00:00:00+00:00,22133.815659540483,True
2023-03-02 00:00:00+00:00,21957.547718891867,True
2023-03-03 00:00:00+00:00,20899.83339914332,True
2023-03-04 00:00:00+00:00,20893.220191676304,True
2023-03-05 00:00:00+00:00,20967.16928767541,True
2023-03-06 00:00:00+00:00,20938.756868682263,True
2023-03-07 00:00:00+00:00,20731.21179845268,True
2023-03-08 00:00:00+00:00,20277.240858797315,True
2023-03-09 00:00:00+00:00,18983.526379483304,True
2023-03-10 00:00:00+00:00,18776.92910105921,True
2023-03-11 00:00:00+00:00,19066.026936903134,True
2023-03-12 00:00:00+00:00,20511.430775437286,True
2023-03-13 00:00:00+00:00,22516.031779206874,True
2023-03-14 00:00:00+00:00,23061.98119433691,True
2023-03-15 00:00:00+00:00,22675.303472870888,True
2023-03-16 00:00:00+00:00,23336.883488269945,True
2023-03-17 00:00:00+00:00,25600.23165493661,True
2023-03-18 00:00:00+00:00,25134.88721361544,True
2023-03-19 00:00:00+00:00,26126.298777322852,True
2023-03-20 00:00:00+00:00,25893.16332834521,True
2023-03-21 00:00:00+00:00,26245.76321515655,True
2023-03-22 00:00:00+00:00,25428.788014000886,True
2023-03-23 00:00:00+00:00,26420.199577708303,True
2023-03-24 00:00:00+00:00,25611.754502801996,True
2023-03-25 00:00:00+00:00,25615.5670051953,True
2023-03-26 00:00:00+00:00,26089.484243108567,True
2023-03-27 00:00:00+00:00,25279.143584591293,True
2023-03-28 00:00:00+00:00,25402.377854475555,True
2023-03-29 00:00:00+00:00,26437.387841235224,True
2023-03-30 00:00:00+00:00,26125.585672402423,True
2023-03-31 00:00:00+00:00,26536.948651153758,True
2023-04-01 00:00:00+00:00,26522.75310924287,True
2023-04-02 00:00:00+00:00,26259.288322489745,True
2023-04-03 00:00:00+00:00,25887.775269911468,True
2023-04-04 00:00:00+00:00,26221.41932061313,True
2023-04-05 00:00:00+00:00,26233.76194925579,True
2023-04-06 00:00:00+00:00,26094.45788902104,True
2023-04-07 00:00:00+00:00,25979.79641572887,True
2023-04-08 00:00:00+00:00,25993.08683617701,True
2023-04-09 00:00:00+00:00,26324.835303267708,True
2023-04-10 00:00:00+00:00,27594.89765778736,True
2023-04-11 00:00:00+00:00,28125.68240402965,True
2023-04-12 00:00:00+00:00,27809.141276169434,True
2023-04-13 00:00:00+00:00,28272.632804222376,True
2023-04-14 00:00:00+00:00,28343.73852480503,True
2023-04-15 00:00:00+00:00,28183.583044849634,True
2023-04-16 00:00:00+00:00,28208.246966963583,True
2023-04-17 00:00:00+00:00,27374.211513309216,True
2023-04-18 00:00:00+00:00,28259.470394802447,True
2023-04-19 00:00:00+00:00,26770.510803558776,True
2023-04-20 00:00:00+00:00,26217.969516133096,True
2023-04-21 00:00:00+00:00,25293.893840957768,True
2023-04-22 00:00:00+00:00,25805.722751090383,True
2023-04-23 00:00:00+00:00,25584.908595584027,True
2023-04-24 00:00:00+00:00,25496.7852928454,True
2023-04-25 00:00:00+00:00,26236.084236294133,True
2023-04-26 00:00:00+00:00,26346.049420901618,True
2023-04-27 00:00:00+00:00,27339.356568220002,True
2023-04-28 00:00:00+00:00,27178.253296459126,True
2023-04-29 00:00:00+00:00,27092.973369136955,True
2023-04-30 00:00:00+00:00,27082.568994448,True
2023-05-01 00:00:00+00:00,25982.204043452686,True
2023-05-02 00:00:00+00:00,26549.004878303364,True
2023-05-03 00:00:00+00:00,26874.11880275567,True
2023-05-04 00:00:00+00:00,26682.686193219313,True
2023-05-05 00:00:00+00:00,27317.728038064823,True
2023-05-06 00:00:00+00:00,26701.68469967173,True
2023-05-07 00:00:00+00:00,26291.312183068614,True
2023-05-08 00:00:00+00:00,25585.22862315456,True
2023-05-09 00:00:00+00:00,25534.069200829803,True
2023-05-10 00:00:00+00:00,25486.70094572698,True
2023-05-11 00:00:00+00:00,24895.300194276464,True
2023-05-12 00:00:00+00:00,24704.81537654559,True
2023-05-13 00:00:00+00:00,24688.724251023734,True
2023-05-14 00:00:00+00:00,24823.332022573803,True
2023-05-15 00:00:00+00:00,25045.13664022838,True
2023-05-16 00:00:00+00:00,24919.101665270402,True
2023-05-17 00:00:00+00:00,25256.536883194,True
2023-05-18 00:00:00+00:00,24706.83897118477,True
2023-05-19 00:00:00+00:00,24759.936647463233,True
2023-05-20 00:00:00+00:00,24966.57659623007,True
2023-05-21 00:00:00+00:00,24624.445089621786,True
2023-05-22 00:00:00+00:00,24713.558854508632,True
2023-05-23 00:00:00+00:00,25058.5764068761,True
2023-05-24 00:00:00+00:00,24218.85420238883,True
2023-05-25 00:00:00+00:00,24343.036264078575,True
2023-05-26 00:00:00+00:00,24553.467380067348,True
2023-05-27 00:00:00+00:00,24679.54502536806,True
2023-05-28 00:00:00+00:00,25837.76794684062,True
2023-05-29 00:00:00+00:00,25518.38344356395,True
2023-05-30 00:00:00+00:00,25468.171813044682,True
2023-05-31 00:00:00+00:00,25015.148665194796,True
2023-06-01 00:00:00+00:00,24629.418735534262,True
2023-06-02 00:00:00+00:00,25023.72146178689,True
2023-06-03 00:00:00+00:00,24857.87923099859,True
2023-06-04 00:00:00+00:00,24901.498989222215,True
2023-06-05 00:00:00+00:00,23574.611796716275,True
2023-06-06 00:00:00+00:00,24980.20837942011,True
2023-06-07 00:00:00+00:00,24141.43396673832,True
2023-06-08 00:00:00+00:00,24279.832905510324,True
2023-06-09 00:00:00+00:00,24264.68957179395,True
2023-06-10 00:00:00+00:00,23655.280776039242,True
2023-06-11 00:00:00+00:00,23729.229872038348,True
2023-06-12 00:00:00+00:00,23702.71303665617,True
2023-06-13 00:00:00+00:00,23726.429166964634,True
2023-06-14 00:00:00+00:00,22956.84355608316,True
2023-06-15 00:00:00+00:00,23390.953538166108,True
2023-06-16 00:00:00+00:00,24086.654058562577,True
2023-06-17 00:00:00+00:00,24251.591167888128,True
2023-06-18 00:00:00+00:00,24078.16660265596,True
2023-06-19 00:00:00+00:00,24545.44929793084,True
2023-06-20 00:00:00+00:00,25916.925375637256,True
2023-06-21 00:00:00+00:00,27521.558237492685,True
2023-06-22 00:00:00+00:00,27407.844556006,True
2023-06-23 00:00:00+00:00,28179.368420841172,True
2023-06-24 00:00:00+00:00,28020.16073269127,True
2023-06-25 00:00:00+00:00,27953.836641478767,True
2023-06-26 00:00:00+00:00,27757.570293734447,True
2023-06-27 00:00:00+00:00,28152.72603261201,True
2023-06-28 00:00:00+00:00,27558.955801647782,True
2023-06-29 00:00:00+00:00,27902.07777040428,True
2023-06-30 00:00:00+00:00,27929.774626295777,True
2023-07-01 00:00:00+00:00,28036.612097945166,True
2023-07-02 00:00:00+00:00,28054.736256601278,True
2023-07-03 00:00:00+00:00,28558.508936387283,True
2023-07-04 00:00:00+00:00,28184.15250839255,True
2023-07-05 00:00:00+00:00,27934.71504036059,True
2023-07-06 00:00:00+00:00,27339.997017590875,True
2023-07-07 00:00:00+00:00,27760.7431352165,True
2023-07-08 00:00:00+00:00,27710.057608794486,True
2023-07-09 00:00:00+00:00,27580.51580415622,True
2023-07-10 00:00:00+00:00,27815.02083200428,True
2023-07-11 00:00:00+00:00,28000.335465147735,True
2023-07-12 00:00:00+00:00,27771.84419601696,True
2023-07-13 00:00:00+00:00,28780.41079140363,True
2023-07-14 00:00:00+00:00,27704.593648170343,True
2023-07-15 00:00:00+00:00,27669.07279063607,True
2023-07-16 00:00:00+00:00,27609.098904520317,True
2023-07-17 00:00:00+00:00,27517.56355128195,True
2023-07-18 00:00:00+00:00,27250.591934848533,True
2023-07-19 00:00:00+00:00,27288.619721419804,True
2023-07-20 00:00:00+00:00,27179.92933650218,True
2023-07-21 00:00:00+00:00,27271.507360083284,True
2023-07-22 00:00:00+00:00,27157.319782693856,True
2023-07-23 00:00:00+00:00,27432.95897489991,True
2023-07-24 00:00:00+00:00,26570.774104622673,True
2023-07-25 00:00:00+00:00,26612.498279235326,True
2023-07-26 00:00:00+00:00,26709.478716107693,True
2023-07-27 00:00:00+00:00,26589.699167065908,True
2023-07-28 00:00:00+00:00,26668.576780453528,True
2023-07-29 00:00:00+00:00,26706.983683746992,True
2023-07-30 00:00:00+00:00,26626.25315709114,True
2023-07-31 00:00:00+00:00,26580.970043960384,True
2023-08-01 00:00:00+00:00,27025.22139836201,True
2023-08-02 00:00:00+00:00,26520.069701210516,True
2023-08-03 00:00:00+00:00,26524.071761964915,True
2023-08-04 00:00:00+00:00,26444.004689572903,True
2023-08-05 00:00:00+00:00,26404.692664816692,True
2023-08-06 00:00:00+00:00,26410.874646723707,True
2023-08-07 00:00:00+00:00,26525.010115275323,True
2023-08-08 00:00:00+00:00,27040.44063426878,True
2023-08-09 00:00:00+00:00,26851.946179329425,True
2023-08-10 00:00:00+00:00,26739.275068828767,True
2023-08-11 00:00:00+00:00,26705.744574086006,True
2023-08-12 00:00:00+00:00,26699.605262521734,True
2023-08-13 00:00:00+00:00,26580.773505285433,True
2023-08-14 00:00:00+00:00,26689.69611890689,True
2023-08-15 00:00:00+00:00,26474.94783095563,True
2023-08-16 00:00:00+00:00,26026.663642133168,True
2023-08-17 00:00:00+00:00,24009.878794415574,True
2023-08-18 00:00:00+00:00,24000.553348006317,False
2023-08-19 00:00:00+00:00,24000.553348006317,False
2023-08-20 00:00:00+00:00,24000.553348006317,False
2023-08-21 00:00:00+00:00,24000.553348006317,False
2023-08-22 00:00:00+00:00,24000.553348006317,False
2023-08-23 00:00:00+00:00,24000.553348006317,False
2023-08-24 00:00:00+00:00,24000.553348006317,False
2023-08-25 00:00:00+00:00,24000.553348006317,False
2023-08-26 00:00:00+00:00,24000.553348006317,False
2023-08-27 00:00:00+00:00,24000.553348006317,False
2023-08-28 00:00:00+00:00,24000.553348006317,False
2023-08-29 00:00:00+00:00,24000.553348006317,False
2023-08-30 00:00:00+00:00,23612.998582572065,True
2023-08-31 00:00:00+00:00,23603.439635885792,False
2023-09-01 00:00:00+00:00,23603.439635885792,False
2023-09-02 00:00:00+00:00,23603.439635885792,False
2023-09-03 00:00:00+00:00,23603.439635885792,False
2023-09-04 00:00:00+00:00,23603.439635885792,False
2023-09-05 00:00:00+00:00,23603.439635885792,False
2023-09-06 00:00:00+00:00,23603.439635885792,False
2023-09-07 00:00:00+00:00,23603.439635885792,False
2023-09-08 00:00:00+00:00,23603.439635885792,False
2023-09-09 00:00:00+00:00,23603.439635885792,False
2023-09-10 00:00:00+00:00,23603.439635885792,False
2023-09-11 00:00:00+00:00,23603.439635885792,False
2023-09-12 00:00:00+00:00,23603.439635885792,False
2023-09-13 00:00:00+00:00,23603.439635885792,False
2023-09-14 00:00:00+00:00,23603.439635885792,False
2023-09-15 00:00:00+00:00,23603.439635885792,False
2023-09-16 00:00:00+00:00,23603.439635885792,False
2023-09-17 00:00:00+00:00,23603.439635885792,False
2023-09-18 00:00:00+00:00,23603.439635885792,False
2023-09-19 00:00:00+00:00,23603.439635885792,False
2023-09-20 00:00:00+00:00,23603.439635885792,False
2023-09-21 00:00:00+00:00,23603.439635885792,False
2023-09-22 00:00:00+00:00,23603.439635885792,False
2023-09-23 00:00:00+00:00,23603.439635885792,False
2023-09-24 00:00:00+00:00,23603.439635885792,False
2023-09-25 00:00:00+00:00,23603.439635885792,False
2023-09-26 00:00:00+00:00,23603.439635885792,False
2023-09-27 00:00:00+00:00,23603.439635885792,False
2023-09-28 00:00:00+00:00,23603.439635885792,False
2023-09-29 00:00:00+00:00,23603.439635885792,False
2023-09-30 00:00:00+00:00,23603.439635885792,False
2023-10-01 00:00:00+00:00,23603.439635885792,False
2023-10-02 00:00:00+00:00,23603.439635885792,False
2023-10-03 00:00:00+00:00,23603.439635885792,False
2023-10-04 00:00:00+00:00,23603.439635885792,False
2023-10-05 00:00:00+00:00,23603.439635885792,False
2023-10-06 00:00:00+00:00,23603.439635885792,False
2023-10-07 00:00:00+00:00,23603.439635885792,False
2023-10-08 00:00:00+00:00,23603.439635885792,False
2023-10-09 00:00:00+00:00,23603.439635885792,False
2023-10-10 00:00:00+00:00,23603.439635885792,False
2023-10-11 00:00:00+00:00,23603.439635885792,False
2023-10-12 00:00:00+00:00,23603.439635885792,False
2023-10-13 00:00:00+00:00,23603.439635885792,False
2023-10-14 00:00:00+00:00,23603.439635885792,False
2023-10-15 00:00:00+00:00,23603.439635885792,False
2023-10-16 00:00:00+00:00,23603.439635885792,False
2023-10-17 00:00:00+00:00,23508.070045435277,True
2023-10-18 00:00:00+00:00,23437.4116410067,True
2023-10-19 00:00:00+00:00,23756.428176812395,True
2023-10-20 00:00:00+00:00,24538.633854451684,True
2023-10-21 00:00:00+00:00,24727.924316038745,True
2023-10-22 00:00:00+00:00,24790.386222614354,True
2023-10-23 00:00:00+00:00,27367.563655970553,True
2023-10-24 00:00:00+00:00,28047.44551246483,True
2023-10-25 00:00:00+00:00,28499.99629059003,True
2023-10-26 00:00:00+00:00,28216.08047251295,True
2023-10-27 00:00:00+00:00,28000.132176410025,True
2023-10-28 00:00:00+00:00,28148.029506465937,True
2023-10-29 00:00:00+00:00,28503.72035680823,True
2023-10-30 00:00:00+00:00,28460.381419190217,True
2023-10-31 00:00:00+00:00,28584.767450536427,True
2023-11-01 00:00:00+00:00,29218.702931031134,True
2023-11-02 00:00:00+00:00,28811.435580991223,True
2023-11-03 00:00:00+00:00,28617.425644599807,True
2023-11-04 00:00:00+00:00,28901.754736182393,True
2023-11-05 00:00:00+00:00,28858.250226038253,True
2023-11-06 00:00:00+00:00,28873.606748931415,True
2023-11-07 00:00:00+00:00,29161.41286356262,True
2023-11-08 00:00:00+00:00,29339.527179636265,True
2023-11-09 00:00:00+00:00,30225.21568610344,True
2023-11-10 00:00:00+00:00,30713.861274923802,True
2023-11-11 00:00:00+00:00,30578.13286772825,True
2023-11-12 00:00:00+00:00,30511.3654176636,True
2023-11-13 00:00:00+00:00,30000.698025058868,True
2023-11-14 00:00:00+00:00,29233.476003224056,True
2023-11-15 00:00:00+00:00,31138.34619425127,True
2023-11-16 00:00:00+00:00,29735.822389676327,True
2023-11-17 00:00:00+00:00,30091.347667492497,True
2023-11-18 00:00:00+00:00,30052.479188079844,True
2023-11-19 00:00:00+00:00,30690.88512677991,True
2023-11-20 00:00:00+00:00,30763.446957449123,True
2023-11-21 00:00:00+00:00,29335.1766250618,True
2023-11-22 00:00:00+00:00,30713.360610486627,True
2023-11-23 00:00:00+00:00,30606.276250310635,True
2023-11-24 00:00:00+00:00,30946.072138144966,True
2023-11-25 00:00:00+00:00,31002.656220043154,True
2023-11-26 00:00:00+00:00,30715.346165180523,True
2023-11-27 00:00:00+00:00,30548.407336810487,True
2023-11-28 00:00:00+00:00,31012.879336816648,True
2023-11-29 00:00:00+00:00,31035.9349821746,True
2023-11-30 00:00:00+00:00,30915.439247382517,True
2023-12-01 00:00:00+00:00,31698.886718967748,True
2023-12-02 00:00:00+00:00,32337.292657667807,True
2023-12-03 00:00:00+00:00,32767.49114476618,True
2023-12-04 00:00:00+00:00,34432.9434630172,True
2023-12-05 00:00:00+00:00,36145.33559242456,True
2023-12-06 00:00:00+00:00,35885.7589356878,True
2023-12-07 00:00:00+00:00,35491.48902894868,True
2023-12-08 00:00:00+00:00,36213.59187960473,True
2023-12-09 00:00:00+00:00,35824.20636238628,True
2023-12-10 00:00:00+00:00,35878.14128386647,True
2023-12-11 00:00:00+00:00,33772.6793196295,True
2023-12-12 00:00:00+00:00,33966.605811948044,True
2023-12-13 00:00:00+00:00,35090.470397245466,True
2023-12-14 00:00:00+00:00,35218.167879114175,True
2023-12-15 00:00:00+00:00,34310.70592765182,True
2023-12-16 00:00:00+00:00,34581.45807209218,True
2023-12-17 00:00:00+00:00,33827.564638610405,True
2023-12-18 00:00:00+00:00,34877.335518467065,True
2023-12-19 00:00:00+00:00,34556.74538585339,True
2023-12-20 00:00:00+00:00,35715.29741537392,True
2023-12-21 00:00:00+00:00,35867.582417372134,True
2023-12-22 00:00:00+00:00,35944.03520240527,True
2023-12-23 00:00:00+00:00,35712.688661372755,True
2023-12-24 00:00:00+00:00,35114.84733376342,True
2023-12-25 00:00:00+00:00,35600.76097590272,True
2023-12-26 00:00:00+00:00,34713.16772757532,True
2023-12-27 00:00:00+00:00,35462.09332746356,True
2023-12-28 00:00:00+00:00,34753.980697455234,True
2023-12-29 00:00:00+00:00,34318.81437676332,True
2023-12-30 00:00:00+00:00,34380.61399323444,True
2023-12-31 00:00:00+00:00,34481.90265718626,True
2024-01-01 00:00:00+00:00,36069.784246947915,True
2024-01-02 00:00:00+00:00,36671.92980242669,True
2024-01-03 00:00:00+00:00,34918.061097415324,True
2024-01-04 00:00:00+00:00,35988.280184248375,True
2024-01-05 00:00:00+00:00,35975.07544638504,True
2024-01-06 00:00:00+00:00,35829.99219146345,True
2024-01-07 00:00:00+00:00,35783.424589586,True
2024-01-08 00:00:00+00:00,38283.52801203119,True
2024-01-09 00:00:00+00:00,37593.13164231819,True
2024-01-10 00:00:00+00:00,38010.82940369415,True
2024-01-11 00:00:00+00:00,37766.98213693923,True
2024-01-12 00:00:00+00:00,34790.6086852868,True
2024-01-13 00:00:00+00:00,34854.97467591285,True
2024-01-14 00:00:00+00:00,33919.28260874624,True
2024-01-15 00:00:00+00:00,34566.62946385704,True
2024-01-16 00:00:00+00:00,35063.553678983626,True
2024-01-17 00:00:00+00:00,34760.51423413916,True
2024-01-18 00:00:00+00:00,33550.551277447135,True
2024-01-19 00:00:00+00:00,33823.290292201,True
2024-01-20 00:00:00+00:00,33848.41559413551,True
2024-01-21 00:00:00+00:00,33748.036921267565,True
2024-01-22 00:00:00+00:00,32065.943906331217,True
2024-01-23 00:00:00+00:00,32340.33864634633,True
2024-01-24 00:00:00+00:00,32483.020441829307,True
2024-01-25 00:00:00+00:00,32364.180432298468,True
2024-01-26 00:00:00+00:00,33904.2115620101,True
2024-01-27 00:00:00+00:00,34137.87546059857,True
2024-01-28 00:00:00+00:00,34065.06461333037,True
2024-01-29 00:00:00+00:00,35118.64366128789,True
2024-01-30 00:00:00+00:00,34800.371544039954,True
2024-01-31 00:00:00+00:00,34507.4320232891,True
2024-02-01 00:00:00+00:00,34908.65531831566,True
2024-02-02 00:00:00+00:00,34996.28424886221,True
2024-02-03 00:00:00+00:00,34834.39538253897,True
2024-02-04 00:00:00+00:00,34474.978492549075,True
2024-02-05 00:00:00+00:00,34576.43272902703,True
2024-02-06 00:00:00+00:00,34886.17720336974,True
2024-02-07 00:00:00+00:00,35907.30403620684,True
2024-02-08 00:00:00+00:00,36676.09833923005,True
2024-02-09 00:00:00+00:00,38198.99271248778,True
2024-02-10 00:00:00+00:00,38711.8946763854,True
2024-02-11 00:00:00+00:00,39170.73721050332,True
2024-02-12 00:00:00+00:00,40493.537185939465,True
2024-02-13 00:00:00+00:00,40293.235493555316,True
2024-02-14 00:00:00+00:00,42028.39384530481,True
2024-02-15 00:00:00+00:00,42103.02533255058,True
2024-02-16 00:00:00+00:00,42297.117397395254,True
2024-02-17 00:00:00+00:00,41896.72130718951,True
2024-02-18 00:00:00+00:00,42298.689678583636,True
2024-02-19 00:00:00+00:00,41993.66336342567,True
2024-02-20 00:00:00+00:00,42382.13757394064,True
2024-02-21 00:00:00+00:00,42029.509157521854,True
2024-02-22 00:00:00+00:00,41553.280850351046,True
2024-02-23 00:00:00+00:00,41107.683460513275,True
2024-02-24 00:00:00+00:00,41774.98180502209,True
2024-02-25 00:00:00+00:00,41899.202263842184,True
2024-02-26 00:00:00+00:00,44164.60663050575,True
2024-02-27 00:00:00+00:00,46284.30717417964,True
2024-02-28 00:00:00+00:00,50778.317742480445,True
2024-02-29 00:00:00+00:00,49692.782539171065,True
2024-03-01 00:00:00+00:00,50705.63074570194,True
2024-03-02 00:00:00+00:00,50394.14710202512,True
2024-03-03 00:00:00+00:00,51311.21160219291,True
2024-03-04 00:00:00+00:00,55572.096053710266,True
2024-03-05 00:00:00+00:00,51776.30417026713,True
2024-03-06 00:00:00+00:00,53723.809286771444,True
2024-03-07 00:00:00+00:00,54332.5777432952,True
2024-03-08 00:00:00+00:00,55405.197631757066,True
2024-03-09 00:00:00+00:00,55551.35645028866,True
2024-03-10 00:00:00+00:00,56082.057460744676,True
2024-03-11 00:00:00+00:00,58691.93546801049,True
2024-03-12 00:00:00+00:00,58140.53723397909,True
2024-03-13 00:00:00+00:00,59460.77083526031,True
2024-03-14 00:00:00+00:00,58125.717835081145,True
2024-03-15 00:00:00+00:00,56489.07447856599,True
2024-03-16 00:00:00+00:00,53003.73108160651,True
2024-03-17 00:00:00+00:00,55559.71523161875,True
2024-03-18 00:00:00+00:00,54894.817030928956,True
2024-03-19 00:00:00+00:00,50195.9925900022,True
2024-03-20 00:00:00+00:00,55075.20764033192,True
2024-03-21 00:00:00+00:00,53126.37728580882,True
2024-03-22 00:00:00+00:00,51705.557717097094,True
2024-03-23 00:00:00+00:00,51856.683711412436,True
2024-03-24 00:00:00+00:00,54517.88920177688,True
2024-03-25 00:00:00+00:00,56723.604672772504,True
2024-03-26 00:00:00+00:00,56821.41631367573,True
2024-03-27 00:00:00+00:00,56395.77041323598,True
2024-03-28 00:00:00+00:00,57479.40087468513,True
2024-03-29 00:00:00+00:00,56677.491408627204,True
2024-03-30 00:00:00+00:00,56460.13574605223,True
2024-03-31 00:00:00+00:00,57917.54618522768,True
2024-04-01 00:00:00+00:00,56488.69634899893,True
2024-04-02 00:00:00+00:00,53015.77089149878,True
2024-04-03 00:00:00+00:00,53406.149186064176,True
2024-04-04 00:00:00+00:00,55500.268774451826,True
2024-04-05 00:00:00+00:00,54934.13458559535,True
2024-04-06 00:00:00+00:00,55819.491947010276,True
2024-04-07 00:00:00+00:00,56206.64157731624,True
2024-04-08 00:00:00+00:00,58084.440660322085,True
2024-04-09 00:00:00+00:00,56019.79232377483,True
2024-04-10 00:00:00+00:00,57239.60618796147,True
2024-04-11 00:00:00+00:00,56704.51684775336,True
2024-04-12 00:00:00+00:00,54314.3529248451,True
2024-04-13 00:00:00+00:00,51627.151890069304,True
2024-04-14 00:00:00+00:00,53067.011641475554,True
2024-04-15 00:00:00+00:00,51228.20423056225,True
2024-04-16 00:00:00+00:00,51516.093131456524,True
2024-04-17 00:00:00+00:00,49419.65486989333,True
2024-04-18 00:00:00+00:00,51235.28146933938,True
2024-04-19 00:00:00+00:00,51509.427850565306,True
2024-04-20 00:00:00+00:00,52433.9431144087,True
2024-04-21 00:00:00+00:00,52430.83830063896,True
2024-04-22 00:00:00+00:00,53970.12435398305,True
2024-04-23 00:00:00+00:00,53646.80227468831,True
2024-04-24 00:00:00+00:00,51873.8927291726,True
2024-04-25 00:00:00+00:00,52028.66131906268,True
2024-04-26 00:00:00+00:00,51424.44544919756,True
2024-04-27 00:00:00+00:00,51146.24188327178,True
2024-04-28 00:00:00+00:00,50876.73087496754,True
2024-04-29 00:00:00+00:00,51476.558415080566,True
2024-04-30 00:00:00+00:00,48842.671733716896,True
2024-05-01 00:00:00+00:00,46890.36435614518,True
2024-05-02 00:00:00+00:00,47492.75827041315,True
2024-05-03 00:00:00+00:00,50638.59454474432,True
2024-05-04 00:00:00+00:00,51468.733468696686,True
2024-05-05 00:00:00+00:00,51564.8065980756,True
2024-05-06 00:00:00+00:00,50849.5743494439,True
2024-05-07 00:00:00+00:00,50157.439468206605,True
2024-05-08 00:00:00+00:00,49223.81705761656,True
2024-05-09 00:00:00+00:00,50759.70887417508,True
2024-05-10 00:00:00+00:00,48868.74611753253,True
2024-05-11 00:00:00+00:00,48889.89767884005,True
2024-05-12 00:00:00+00:00,49420.68147555912,True
2024-05-13 00:00:00+00:00,50625.59381239454,True
2024-05-14 00:00:00+00:00,49482.10822494155,True
2024-05-15 00:00:00+00:00,53330.468727619445,True
2024-05-16 00:00:00+00:00,52488.40792397631,True
2024-05-17 00:00:00+00:00,53964.6108448669,True
2024-05-18 00:00:00+00:00,53871.84850820069,True
2024-05-19 00:00:00+00:00,53335.60016030971,True
2024-05-20 00:00:00+00:00,57656.75301133642,True
2024-05-21 00:00:00+00:00,56535.785287436374,True
2024-05-22 00:00:00+00:00,55745.05196689187,True
2024-05-23 00:00:00+00:00,54725.000697664786,True
2024-05-24 00:00:00+00:00,55200.152125605986,True
2024-05-25 00:00:00+00:00,55801.635390980264,True
2024-05-26 00:00:00+00:00,55147.8305495408,True
2024-05-27 00:00:00+00:00,55896.176645587606,True
2024-05-28 00:00:00+00:00,55042.856910168004,True
2024-05-29 00:00:00+00:00,54412.06664985987,True
2024-05-30 00:00:00+00:00,54995.33693736043,True
2024-05-31 00:00:00+00:00,54310.40446100956,True
2024-06-01 00:00:00+00:00,54491.1679375012,True
2024-06-02 00:00:00+00:00,54486.57297099635,True
2024-06-03 00:00:00+00:00,55347.67395733401,True
2024-06-04 00:00:00+00:00,56762.366684769324,True
2024-06-05 00:00:00+00:00,57224.18952435748,True
2024-06-06 00:00:00+00:00,56969.00053956303,True
2024-06-07 00:00:00+00:00,55763.50804107637,True
2024-06-08 00:00:00+00:00,55717.93387435567,True
2024-06-09 00:00:00+00:00,55991.335179214046,True
2024-06-10 00:00:00+00:00,55888.3073459281,True
2024-06-11 00:00:00+00:00,54032.36317856091,True
2024-06-12 00:00:00+00:00,54830.46381870815,True
2024-06-13 00:00:00+00:00,53574.22334096431,True
2024-06-14 00:00:00+00:00,52973.81563920004,True
2024-06-15 00:00:00+00:00,53116.16628963078,True
2024-06-16 00:00:00+00:00,53499.507751835874,True
2024-06-17 00:00:00+00:00,53317.253464799316,True
2024-06-18 00:00:00+00:00,52215.40936766665,True
2024-06-19 00:00:00+00:00,52055.83851670916,True
2024-06-20 00:00:00+00:00,51960.84095094027,True
2024-06-21 00:00:00+00:00,51345.61450808785,True
2024-06-22 00:00:00+00:00,51444.83351546313,True
2024-06-23 00:00:00+00:00,50552.52145014117,True
2024-06-24 00:00:00+00:00,48135.20363294848,True
2024-06-25 00:00:00+00:00,49373.14768874577,True
2024-06-26 00:00:00+00:00,48594.25280381917,True
2024-06-27 00:00:00+00:00,49278.770691044934,True
2024-06-28 00:00:00+00:00,48224.36312264699,True
2024-06-29 00:00:00+00:00,48673.68523651275,True
2024-06-30 00:00:00+00:00,50148.72914972047,True
2024-07-01 00:00:00+00:00,50243.64327141651,True
2024-07-02 00:00:00+00:00,49596.212972232854,True
2024-07-03 00:00:00+00:00,48000.30045714435,True
2024-07-04 00:00:00+00:00,45379.907936659845,True
2024-07-05 00:00:00+00:00,45368.02386321526,False
2024-07-06 00:00:00+00:00,45368.02386321526,False
2024-07-07 00:00:00+00:00,45368.02386321526,False
2024-07-08 00:00:00+00:00,45368.02386321526,False
2024-07-09 00:00:00+00:00,45368.02386321526,False
2024-07-10 00:00:00+00:00,45368.02386321526,False
2024-07-11 00:00:00+00:00,45368.02386321526,False
2024-07-12 00:00:00+00:00,45368.02386321526,False
2024-07-13 00:00:00+00:00,45368.02386321526,False
2024-07-14 00:00:00+00:00,46552.97069196906,True
2024-07-15 00:00:00+00:00,49562.36976891959,True
2024-07-16 00:00:00+00:00,49777.69143851875,True
2024-07-17 00:00:00+00:00,49043.83404753004,True
2024-07-18 00:00:00+00:00,48944.064725822944,True
2024-07-19 00:00:00+00:00,50981.5375315833,True
2024-07-20 00:00:00+00:00,51322.23692426663,True
2024-07-21 00:00:00+00:00,52119.79527736365,True
2024-07-22 00:00:00+00:00,51607.589157361894,True
2024-07-23 00:00:00+00:00,50375.13129155458,True
2024-07-24 00:00:00+00:00,49952.61198507243,True
2024-07-25 00:00:00+00:00,50236.63482608668,True
2024-07-26 00:00:00+00:00,51840.37883170913,True
2024-07-27 00:00:00+00:00,51820.79917162032,True
2024-07-28 00:00:00+00:00,52072.65424006563,True
2024-07-29 00:00:00+00:00,50940.37600883017,True
2024-07-30 00:00:00+00:00,50474.277029510566,True
2024-07-31 00:00:00+00:00,49272.99126712126,True
2024-08-01 00:00:00+00:00,49804.85913678574,True
2024-08-02 00:00:00+00:00,46842.38782624685,True
2024-08-03 00:00:00+00:00,46221.4239989882,True
2024-08-04 00:00:00+00:00,46198.49748129742,False
2024-08-05 00:00:00+00:00,46198.49748129742,False
2024-08-06 00:00:00+00:00,46198.49748129742,False
2024-08-07 00:00:00+00:00,46198.49748129742,False
2024-08-08 00:00:00+00:00,46198.49748129742,False
2024-08-09 00:00:00+00:00,46198.49748129742,False
2024-08-10 00:00:00+00:00,46198.49748129742,False
2024-08-11 00:00:00+00:00,46198.49748129742,False
2024-08-12 00:00:00+00:00,46198.49748129742,False
2024-08-13 00:00:00+00:00,46198.49748129742,False
2024-08-14 00:00:00+00:00,46198.49748129742,False
2024-08-15 00:00:00+00:00,46198.49748129742,False
2024-08-16 00:00:00+00:00,46198.49748129742,False
2024-08-17 00:00:00+00:00,46198.49748129742,False
2024-08-18 00:00:00+00:00,46198.49748129742,False
2024-08-19 00:00:00+00:00,46198.49748129742,False
2024-08-20 00:00:00+00:00,46198.49748129742,False
2024-08-21 00:00:00+00:00,46198.49748129742,False
2024-08-22 00:00:00+00:00,46198.49748129742,False
2024-08-23 00:00:00+00:00,46198.49748129742,False
2024-08-24 00:00:00+00:00,46258.39525546408,True
2024-08-25 00:00:00+00:00,46286.7960698675,True
2024-08-26 00:00:00+00:00,45282.82111441395,True
2024-08-27 00:00:00+00:00,45264.43536126314,False
2024-08-28 00:00:00+00:00,45264.43536126314,False
2024-08-29 00:00:00+00:00,45264.43536126314,False
2024-08-30 00:00:00+00:00,45264.43536126314,False
2024-08-31 00:00:00+00:00,45264.43536126314,False
2024-09-01 00:00:00+00:00,45264.43536126314,False
2024-09-02 00:00:00+00:00,45264.43536126314,False
2024-09-03 00:00:00+00:00,45264.43536126314,False
2024-09-04 00:00:00+00:00,45264.43536126314,False
2024-09-05 00:00:00+00:00,45264.43536126314,False
2024-09-06 00:00:00+00:00,45264.43536126314,False
2024-09-07 00:00:00+00:00,45264.43536126314,False
2024-09-08 00:00:00+00:00,45264.43536126314,False
2024-09-09 00:00:00+00:00,45264.43536126314,False
2024-09-10 00:00:00+00:00,45264.43536126314,False
2024-09-11 00:00:00+00:00,45264.43536126314,False
2024-09-12 00:00:00+00:00,45264.43536126314,False
2024-09-13 00:00:00+00:00,45264.43536126314,False
2024-09-14 00:00:00+00:00,45264.43536126314,False
2024-09-15 00:00:00+00:00,45264.43536126314,False
2024-09-16 00:00:00+00:00,45264.43536126314,False
2024-09-17 00:00:00+00:00,45264.43536126314,False
2024-09-18 00:00:00+00:00,45264.43536126314,False
2024-09-19 00:00:00+00:00,45264.43536126314,False
2024-09-20 00:00:00+00:00,45264.43536126314,False
2024-09-21 00:00:00+00:00,45264.43536126314,False
2024-09-22 00:00:00+00:00,45264.43536126314,False
2024-09-23 00:00:00+00:00,45264.43536126314,False
2024-09-24 00:00:00+00:00,45264.43536126314,False
2024-09-25 00:00:00+00:00,44446.093031337645,True
2024-09-26 00:00:00+00:00,44425.82166895753,False
2024-09-27 00:00:00+00:00,44799.175565727484,True
2024-09-28 00:00:00+00:00,44834.48490049169,True
2024-09-29 00:00:00+00:00,44654.83077335946,True
2024-09-30 00:00:00+00:00,43090.51498054529,True
2024-10-01 00:00:00+00:00,43072.87884870072,False
2024-10-02 00:00:00+00:00,43072.87884870072,False
2024-10-03 00:00:00+00:00,43072.87884870072,False
2024-10-04 00:00:00+00:00,43072.87884870072,False
2024-10-05 00:00:00+00:00,43072.87884870072,False
2024-10-06 00:00:00+00:00,43072.87884870072,False
2024-10-07 00:00:00+00:00,43072.87884870072,False
2024-10-08 00:00:00+00:00,43072.87884870072,False
2024-10-09 00:00:00+00:00,43072.87884870072,False
2024-10-10 00:00:00+00:00,43072.87884870072,False
2024-10-11 00:00:00+00:00,43072.87884870072,False
2024-10-12 00:00:00+00:00,43072.87884870072,False
2024-10-13 00:00:00+00:00,43072.87884870072,False
2024-10-14 00:00:00+00:00,43072.87884870072,False
2024-10-15 00:00:00+00:00,43675.60296092963,True
2024-10-16 00:00:00+00:00,44013.31059611547,True
2024-10-17 00:00:00+00:00,43873.98852064581,True
2024-10-18 00:00:00+00:00,44523.051657079995,True
2024-10-19 00:00:00+00:00,44474.316384002384,True
2024-10-20 00:00:00+00:00,44901.82933946044,True
2024-10-21 00:00:00+00:00,43788.84566617361,True
2024-10-22 00:00:00+00:00,43816.174652760936,True
2024-10-23 00:00:00+00:00,43311.90042732355,True
2024-10-24 00:00:00+00:00,44295.17741701154,True
2024-10-25 00:00:00+00:00,43300.718531901235,True
2024-10-26 00:00:00+00:00,43549.27208191474,True
2024-10-27 00:00:00+00:00,44140.04967691047,True
2024-10-28 00:00:00+00:00,45389.09571085582,True
2024-10-29 00:00:00+00:00,47198.98541281009,True
2024-10-30 00:00:00+00:00,46921.99223722769,True
2024-10-31 00:00:00+00:00,45570.78676440805,True
2024-11-01 00:00:00+00:00,45040.398011465826,True
2024-11-02 00:00:00+00:00,44950.960544646274,True
2024-11-03 00:00:00+00:00,44546.06479544921,True
2024-11-04 00:00:00+00:00,43939.48153582208,True
2024-11-05 00:00:00+00:00,44909.86407053263,True
2024-11-06 00:00:00+00:00,48935.84169383798,True
2024-11-07 00:00:00+00:00,49094.915541129216,True
2024-11-08 00:00:00+00:00,49493.318287623035,True
2024-11-09 00:00:00+00:00,49626.277607409436,True
2024-11-10 00:00:00+00:00,52005.80265122088,True
2024-11-11 00:00:00+00:00,57447.565381645836,True
2024-11-12 00:00:00+00:00,56904.93340882604,True
2024-11-13 00:00:00+00:00,58495.29175861379,True
2024-11-14 00:00:00+00:00,56494.67464420277,True
2024-11-15 00:00:00+00:00,58885.205561202034,True
2024-11-16 00:00:00+00:00,58583.07471076462,True
2024-11-17 00:00:00+00:00,58117.09310919963,True
2024-11-18 00:00:00+00:00,58503.31775932588,True
2024-11-19 00:00:00+00:00,59686.263430634324,True
2024-11-20 00:00:00+00:00,60933.09526524011,True
2024-11-21 00:00:00+00:00,63569.141814890754,True
2024-11-22 00:00:00+00:00,63904.895744776986,True
2024-11-23 00:00:00+00:00,63136.154945281975,True
2024-11-24 00:00:00+00:00,63276.86396275685,True
2024-11-25 00:00:00+00:00,60068.72672616498,True
2024-11-26 00:00:00+00:00,59384.84186018317,True
2024-11-27 00:00:00+00:00,61872.34168355324,True
2024-11-28 00:00:00+00:00,61735.42917795309,True
2024-11-29 00:00:00+00:00,62908.99706382339,True
2024-11-30 00:00:00+00:00,62210.13379054454,True
2024-12-01 00:00:00+00:00,62712.603905997756,True
2024-12-02 00:00:00+00:00,61833.80437462455,True
2024-12-03 00:00:00+00:00,61820.561414489915,True
2024-12-04 00:00:00+00:00,63560.05260214812,True
2024-12-05 00:00:00+00:00,62529.71066303492,True
2024-12-06 00:00:00+00:00,64311.92287324468,True
2024-12-07 00:00:00+00:00,64344.005876061055,True
2024-12-08 00:00:00+00:00,65211.81888254192,True
2024-12-09 00:00:00+00:00,62661.42909681978,True
2024-12-10 00:00:00+00:00,62176.62680086854,True
2024-12-11 00:00:00+00:00,65115.75816599915,True
2024-12-12 00:00:00+00:00,64374.499487718705,True
2024-12-13 00:00:00+00:00,65273.3764084634,True
2024-12-14 00:00:00+00:00,65265.53869965769,True
2024-12-15 00:00:00+00:00,67260.0535524254,True
2024-12-16 00:00:00+00:00,68277.32501432666,True
2024-12-17 00:00:00+00:00,68304.13301283409,True
2024-12-18 00:00:00+00:00,64451.92426246978,True
2024-12-19 00:00:00+00:00,62645.70082537026,True
2024-12-20 00:00:00+00:00,62843.262667063864,True
2024-12-21 00:00:00+00:00,62483.3021397579,True
2024-12-22 00:00:00+00:00,61113.145725532,True
2024-12-23 00:00:00+00:00,60906.09519967575,True
2024-12-24 00:00:00+00:00,63351.78572963408,True
2024-12-25 00:00:00+00:00,63838.04009110051,True
2024-12-26 00:00:00+00:00,61456.124825715015,True
2024-12-27 00:00:00+00:00,60481.39836413081,True
2024-12-28 00:00:00+00:00,61112.42228829856,True
2024-12-29 00:00:00+00:00,60091.58838164348,True
2024-12-30 00:00:00+00:00,59464.81683392036,True
2024-12-31 00:00:00+00:00,59959.99311625502,True
