datetime,equity
2023-08-20 04:00:00+00:00,10000.0
2023-08-20 08:00:00+00:00,10000.0
2023-08-20 12:00:00+00:00,10000.0
2023-08-20 16:00:00+00:00,10000.0
2023-08-20 20:00:00+00:00,10000.0
2023-08-21 00:00:00+00:00,10000.0
2023-08-21 04:00:00+00:00,10000.0
2023-08-21 08:00:00+00:00,10000.0
2023-08-21 12:00:00+00:00,10000.0
2023-08-21 16:00:00+00:00,10000.0
2023-08-21 20:00:00+00:00,10000.0
2023-08-22 00:00:00+00:00,10000.0
2023-08-22 04:00:00+00:00,10000.0
2023-08-22 08:00:00+00:00,10000.0
2023-08-22 12:00:00+00:00,10000.0
2023-08-22 16:00:00+00:00,10000.0
2023-08-22 20:00:00+00:00,10000.0
2023-08-23 00:00:00+00:00,10000.0
2023-08-23 04:00:00+00:00,10000.0
2023-08-23 08:00:00+00:00,10000.0
2023-08-23 12:00:00+00:00,10000.0
2023-08-23 16:00:00+00:00,10000.0
2023-08-23 20:00:00+00:00,10000.0
2023-08-24 00:00:00+00:00,10000.0
2023-08-24 04:00:00+00:00,10000.0
2023-08-24 08:00:00+00:00,10000.0
2023-08-24 12:00:00+00:00,10000.0
2023-08-24 16:00:00+00:00,10000.0
2023-08-24 20:00:00+00:00,10000.0
2023-08-25 00:00:00+00:00,10000.0
2023-08-25 04:00:00+00:00,10000.0
2023-08-25 08:00:00+00:00,10000.0
2023-08-25 12:00:00+00:00,10000.0
2023-08-25 16:00:00+00:00,10000.0
2023-08-25 20:00:00+00:00,10000.0
2023-08-26 00:00:00+00:00,10000.0
2023-08-26 04:00:00+00:00,10000.0
2023-08-26 08:00:00+00:00,10000.0
2023-08-26 12:00:00+00:00,10000.0
2023-08-26 16:00:00+00:00,10000.0
2023-08-26 20:00:00+00:00,10000.0
2023-08-27 00:00:00+00:00,10000.0
2023-08-27 04:00:00+00:00,10000.0
2023-08-27 08:00:00+00:00,10000.0
2023-08-27 12:00:00+00:00,10000.0
2023-08-27 16:00:00+00:00,10000.0
2023-08-27 20:00:00+00:00,10000.0
2023-08-28 00:00:00+00:00,10000.0
2023-08-28 04:00:00+00:00,10000.0
2023-08-28 08:00:00+00:00,10000.0
2023-08-28 12:00:00+00:00,10000.0
2023-08-28 16:00:00+00:00,10000.0
2023-08-28 20:00:00+00:00,10000.0
2023-08-29 00:00:00+00:00,10000.0
2023-08-29 04:00:00+00:00,10000.0
2023-08-29 08:00:00+00:00,10000.0
2023-08-29 12:00:00+00:00,10000.0
2023-08-29 16:00:00+00:00,10020.3268161866
2023-08-29 20:00:00+00:00,10014.756494338628
2023-08-30 00:00:00+00:00,9997.96300550807
2023-08-30 04:00:00+00:00,10000.464492634244
2023-08-30 08:00:00+00:00,9995.466676087313
2023-08-30 12:00:00+00:00,9987.941583887135
2023-08-30 16:00:00+00:00,9986.81720410671
2023-08-30 20:00:00+00:00,9992.805300093281
2023-08-31 00:00:00+00:00,9988.467669839443
2023-08-31 04:00:00+00:00,9991.061995663082
2023-08-31 08:00:00+00:00,9993.687267719211
2023-08-31 12:00:00+00:00,9977.689431425266
2023-08-31 16:00:00+00:00,9977.689431425266
2023-08-31 20:00:00+00:00,9977.689431425266
2023-09-01 00:00:00+00:00,9977.689431425266
2023-09-01 04:00:00+00:00,9977.689431425266
2023-09-01 08:00:00+00:00,9977.689431425266
2023-09-01 12:00:00+00:00,9977.689431425266
2023-09-01 16:00:00+00:00,9977.689431425266
2023-09-01 20:00:00+00:00,9977.689431425266
2023-09-02 00:00:00+00:00,9977.689431425266
2023-09-02 04:00:00+00:00,9977.689431425266
2023-09-02 08:00:00+00:00,9977.689431425266
2023-09-02 12:00:00+00:00,9977.689431425266
2023-09-02 16:00:00+00:00,9977.689431425266
2023-09-02 20:00:00+00:00,9977.689431425266
2023-09-03 00:00:00+00:00,9977.689431425266
2023-09-03 04:00:00+00:00,9977.689431425266
2023-09-03 08:00:00+00:00,9977.689431425266
2023-09-03 12:00:00+00:00,9977.689431425266
2023-09-03 16:00:00+00:00,9977.689431425266
2023-09-03 20:00:00+00:00,9977.689431425266
2023-09-04 00:00:00+00:00,9977.689431425266
2023-09-04 04:00:00+00:00,9977.689431425266
2023-09-04 08:00:00+00:00,9977.689431425266
2023-09-04 12:00:00+00:00,9977.689431425266
2023-09-04 16:00:00+00:00,9977.689431425266
2023-09-04 20:00:00+00:00,9977.689431425266
2023-09-05 00:00:00+00:00,9977.689431425266
2023-09-05 04:00:00+00:00,9977.689431425266
2023-09-05 08:00:00+00:00,9977.689431425266
2023-09-05 12:00:00+00:00,9977.689431425266
2023-09-05 16:00:00+00:00,9977.689431425266
2023-09-05 20:00:00+00:00,9977.689431425266
2023-09-06 00:00:00+00:00,9977.689431425266
2023-09-06 04:00:00+00:00,9977.689431425266
2023-09-06 08:00:00+00:00,9977.689431425266
2023-09-06 12:00:00+00:00,9977.689431425266
2023-09-06 16:00:00+00:00,9977.689431425266
2023-09-06 20:00:00+00:00,9977.689431425266
2023-09-07 00:00:00+00:00,9977.689431425266
2023-09-07 04:00:00+00:00,9977.689431425266
2023-09-07 08:00:00+00:00,9977.689431425266
2023-09-07 12:00:00+00:00,9977.689431425266
2023-09-07 16:00:00+00:00,9977.689431425266
2023-09-07 20:00:00+00:00,9977.689431425266
2023-09-08 00:00:00+00:00,9977.689431425266
2023-09-08 04:00:00+00:00,9977.689431425266
2023-09-08 08:00:00+00:00,9977.689431425266
2023-09-08 12:00:00+00:00,9977.689431425266
2023-09-08 16:00:00+00:00,9977.689431425266
2023-09-08 20:00:00+00:00,9977.689431425266
2023-09-09 00:00:00+00:00,9977.689431425266
2023-09-09 04:00:00+00:00,9977.689431425266
2023-09-09 08:00:00+00:00,9977.689431425266
2023-09-09 12:00:00+00:00,9977.689431425266
2023-09-09 16:00:00+00:00,9977.689431425266
2023-09-09 20:00:00+00:00,9977.689431425266
2023-09-10 00:00:00+00:00,9977.689431425266
2023-09-10 04:00:00+00:00,9977.689431425266
2023-09-10 08:00:00+00:00,9977.689431425266
2023-09-10 12:00:00+00:00,9977.689431425266
2023-09-10 16:00:00+00:00,9977.689431425266
2023-09-10 20:00:00+00:00,9977.689431425266
2023-09-11 00:00:00+00:00,9977.689431425266
2023-09-11 04:00:00+00:00,9977.689431425266
2023-09-11 08:00:00+00:00,9977.689431425266
2023-09-11 12:00:00+00:00,9977.689431425266
2023-09-11 16:00:00+00:00,9977.689431425266
2023-09-11 20:00:00+00:00,9977.689431425266
2023-09-12 00:00:00+00:00,9977.689431425266
2023-09-12 04:00:00+00:00,9977.689431425266
2023-09-12 08:00:00+00:00,9977.689431425266
2023-09-12 12:00:00+00:00,9977.689431425266
2023-09-12 16:00:00+00:00,9977.689431425266
2023-09-12 20:00:00+00:00,9977.689431425266
2023-09-13 00:00:00+00:00,9977.689431425266
2023-09-13 04:00:00+00:00,9977.689431425266
2023-09-13 08:00:00+00:00,9977.689431425266
2023-09-13 12:00:00+00:00,9977.689431425266
2023-09-13 16:00:00+00:00,9977.689431425266
2023-09-13 20:00:00+00:00,9977.689431425266
2023-09-14 00:00:00+00:00,9977.689431425266
2023-09-14 04:00:00+00:00,9977.689431425266
2023-09-14 08:00:00+00:00,9977.689431425266
2023-09-14 12:00:00+00:00,9977.689431425266
2023-09-14 16:00:00+00:00,9976.502596218234
2023-09-14 20:00:00+00:00,9968.837564559975
2023-09-15 00:00:00+00:00,9973.493104486952
2023-09-15 04:00:00+00:00,9970.900082781085
2023-09-15 08:00:00+00:00,9963.944041761331
2023-09-15 12:00:00+00:00,9958.797662161543
2023-09-15 16:00:00+00:00,9962.813623120916
2023-09-15 20:00:00+00:00,9972.432097517438
2023-09-16 00:00:00+00:00,9973.468314604486
2023-09-16 04:00:00+00:00,9967.518742812823
2023-09-16 08:00:00+00:00,9968.822690630495
2023-09-16 12:00:00+00:00,9968.421094534559
2023-09-16 16:00:00+00:00,9969.23420267942
2023-09-16 20:00:00+00:00,9970.45386489671
2023-09-17 00:00:00+00:00,9969.075547431641
2023-09-17 04:00:00+00:00,9967.722019849038
2023-09-17 08:00:00+00:00,9971.232267206118
2023-09-17 12:00:00+00:00,9970.13159642466
2023-09-17 16:00:00+00:00,9967.80630544942
2023-09-17 20:00:00+00:00,9969.095379337614
2023-09-18 00:00:00+00:00,9975.213522330041
2023-09-18 04:00:00+00:00,9977.950325354206
2023-09-18 08:00:00+00:00,10001.75357049735
2023-09-18 12:00:00+00:00,10005.45222096117
2023-09-18 16:00:00+00:00,9983.617292485764
2023-09-18 20:00:00+00:00,9981.049060662363
2023-09-19 00:00:00+00:00,9983.671830227187
2023-09-19 04:00:00+00:00,9984.89149244448
2023-09-19 08:00:00+00:00,10004.202810884919
2023-09-19 12:00:00+00:00,10013.335403585123
2023-09-19 16:00:00+00:00,10001.7188646619
2023-09-19 20:00:00+00:00,10002.750123772455
2023-09-20 00:00:00+00:00,9998.520969823881
2023-09-20 04:00:00+00:00,9997.65828191409
2023-09-20 08:00:00+00:00,9997.192232123743
2023-09-20 12:00:00+00:00,10001.49079774322
2023-09-20 16:00:00+00:00,9988.788461968019
2023-09-20 20:00:00+00:00,9998.590381494783
2023-09-21 00:00:00+00:00,9994.0835808626
2023-09-21 04:00:00+00:00,9991.99131478253
2023-09-21 08:00:00+00:00,9979.348474725246
2023-09-21 12:00:00+00:00,9968.347005594773
2023-09-21 16:00:00+00:00,9968.347005594773
2023-09-21 20:00:00+00:00,9968.347005594773
2023-09-22 00:00:00+00:00,9968.347005594773
2023-09-22 04:00:00+00:00,9968.347005594773
2023-09-22 08:00:00+00:00,9968.347005594773
2023-09-22 12:00:00+00:00,9968.347005594773
2023-09-22 16:00:00+00:00,9968.347005594773
2023-09-22 20:00:00+00:00,9968.347005594773
2023-09-23 00:00:00+00:00,9968.347005594773
2023-09-23 04:00:00+00:00,9968.347005594773
2023-09-23 08:00:00+00:00,9968.347005594773
2023-09-23 12:00:00+00:00,9968.347005594773
2023-09-23 16:00:00+00:00,9968.347005594773
2023-09-23 20:00:00+00:00,9968.347005594773
2023-09-24 00:00:00+00:00,9968.347005594773
2023-09-24 04:00:00+00:00,9968.347005594773
2023-09-24 08:00:00+00:00,9968.347005594773
2023-09-24 12:00:00+00:00,9968.347005594773
2023-09-24 16:00:00+00:00,9968.347005594773
2023-09-24 20:00:00+00:00,9968.347005594773
2023-09-25 00:00:00+00:00,9968.347005594773
2023-09-25 04:00:00+00:00,9968.347005594773
2023-09-25 08:00:00+00:00,9968.347005594773
2023-09-25 12:00:00+00:00,9968.347005594773
2023-09-25 16:00:00+00:00,9968.347005594773
2023-09-25 20:00:00+00:00,9968.347005594773
2023-09-26 00:00:00+00:00,9968.347005594773
2023-09-26 04:00:00+00:00,9968.347005594773
2023-09-26 08:00:00+00:00,9968.347005594773
2023-09-26 12:00:00+00:00,9968.347005594773
2023-09-26 16:00:00+00:00,9968.347005594773
2023-09-26 20:00:00+00:00,9968.347005594773
2023-09-27 00:00:00+00:00,9968.347005594773
2023-09-27 04:00:00+00:00,9968.347005594773
2023-09-27 08:00:00+00:00,9968.347005594773
2023-09-27 12:00:00+00:00,9968.347005594773
2023-09-27 16:00:00+00:00,9968.347005594773
2023-09-27 20:00:00+00:00,9968.347005594773
2023-09-28 00:00:00+00:00,9968.347005594773
2023-09-28 04:00:00+00:00,9968.347005594773
2023-09-28 08:00:00+00:00,9968.347005594773
2023-09-28 12:00:00+00:00,9968.347005594773
2023-11-17 16:00:00+00:00,9968.347005594773
2023-11-17 20:00:00+00:00,9973.323876411794
2023-11-18 00:00:00+00:00,9968.814884620842
2023-11-18 04:00:00+00:00,9969.76748852034
2023-11-18 08:00:00+00:00,9969.455397338028
2023-11-18 12:00:00+00:00,9974.271036860437
2023-11-18 16:00:00+00:00,9974.41075209903
2023-11-18 20:00:00+00:00,9972.627114702447
2023-11-19 00:00:00+00:00,9971.819669492397
2023-11-19 04:00:00+00:00,9973.302102608377
2023-11-19 08:00:00+00:00,9970.433404008178
2023-11-19 12:00:00+00:00,9972.618042284357
2023-11-19 16:00:00+00:00,9979.442315171991
2023-11-19 20:00:00+00:00,9986.774643472689
2023-11-20 00:00:00+00:00,9982.316457223043
2023-11-20 04:00:00+00:00,9984.865806706459
2023-11-20 08:00:00+00:00,9983.162006589073
2023-11-20 12:00:00+00:00,9988.732471296607
2023-11-20 16:00:00+00:00,9990.612276324948
2023-11-20 20:00:00+00:00,9988.520176713291
2023-11-21 00:00:00+00:00,9988.703439558718
2023-11-21 04:00:00+00:00,9985.323056578218
2023-11-21 08:00:00+00:00,9983.432364648168
2023-11-21 12:00:00+00:00,9980.026578897015
2023-11-21 16:00:00+00:00,9979.799768444755
2023-11-21 20:00:00+00:00,9962.806110370006
2023-11-22 00:00:00+00:00,9962.806110370006
2023-11-22 04:00:00+00:00,9962.806110370006
2023-11-22 08:00:00+00:00,9962.806110370006
2023-11-22 12:00:00+00:00,9962.806110370006
2023-11-22 16:00:00+00:00,9962.806110370006
2023-11-22 20:00:00+00:00,9962.806110370006
2023-11-23 00:00:00+00:00,9962.806110370006
2023-11-23 04:00:00+00:00,9962.806110370006
2023-11-23 08:00:00+00:00,9962.806110370006
2023-11-23 12:00:00+00:00,9962.806110370006
2023-11-23 16:00:00+00:00,9962.806110370006
2023-11-23 20:00:00+00:00,9962.806110370006
2023-11-24 00:00:00+00:00,9962.806110370006
2023-11-24 04:00:00+00:00,9962.806110370006
2023-11-24 08:00:00+00:00,9962.806110370006
2023-11-24 12:00:00+00:00,9962.806110370006
2023-11-24 16:00:00+00:00,9948.800262517507
2023-11-24 20:00:00+00:00,9947.26072454596
2023-11-25 00:00:00+00:00,9950.059078594051
2023-11-25 04:00:00+00:00,9950.121132907683
2023-11-25 08:00:00+00:00,9945.712321672465
2023-11-25 12:00:00+00:00,9947.248904676697
2023-11-25 16:00:00+00:00,9950.505278658742
2023-11-25 20:00:00+00:00,9949.533094411834
2023-11-26 00:00:00+00:00,9948.037880950023
2023-11-26 04:00:00+00:00,9949.807906372205
2023-11-26 08:00:00+00:00,9946.504252913108
2023-11-26 12:00:00+00:00,9939.300042597113
2023-11-26 16:00:00+00:00,9937.716180115827
2023-11-26 20:00:00+00:00,9939.530530047748
2023-11-27 00:00:00+00:00,9935.420170511428
2023-11-27 04:00:00+00:00,9934.832132015577
2023-11-27 08:00:00+00:00,9927.11966732126
2023-11-27 12:00:00+00:00,9925.939621808455
2023-11-27 16:00:00+00:00,9925.939621808455
2023-11-27 20:00:00+00:00,9925.939621808455
2023-11-28 00:00:00+00:00,9925.939621808455
2023-11-28 04:00:00+00:00,9925.939621808455
2023-11-28 08:00:00+00:00,9925.939621808455
2023-11-28 12:00:00+00:00,9925.939621808455
2023-11-28 16:00:00+00:00,9925.939621808455
2023-11-28 20:00:00+00:00,9925.939621808455
2023-11-29 00:00:00+00:00,9925.939621808455
2023-11-29 04:00:00+00:00,9925.939621808455
2023-11-29 08:00:00+00:00,9925.939621808455
2023-11-29 12:00:00+00:00,9925.939621808455
2023-11-29 16:00:00+00:00,9925.939621808455
2023-11-29 20:00:00+00:00,9925.939621808455
2023-11-30 00:00:00+00:00,9925.939621808455
2023-11-30 04:00:00+00:00,9925.939621808455
2023-11-30 08:00:00+00:00,9925.939621808455
2023-11-30 12:00:00+00:00,9925.939621808455
2023-11-30 16:00:00+00:00,9925.939621808455
2023-11-30 20:00:00+00:00,9925.939621808455
2023-12-01 00:00:00+00:00,9925.939621808455
2023-12-01 04:00:00+00:00,9925.939621808455
2023-12-01 08:00:00+00:00,9925.939621808455
2023-12-01 12:00:00+00:00,9918.795124991448
2023-12-01 16:00:00+00:00,9932.668206289889
2023-12-01 20:00:00+00:00,9929.109611367074
2023-12-02 00:00:00+00:00,9933.010080037931
2023-12-02 04:00:00+00:00,9930.088613463744
2023-12-02 08:00:00+00:00,9931.642585045758
2023-12-02 12:00:00+00:00,9934.354265456375
2023-12-02 16:00:00+00:00,9958.436940048656
2023-12-02 20:00:00+00:00,9959.400402429506
2023-12-03 00:00:00+00:00,9956.614908368743
2023-12-03 04:00:00+00:00,9960.577535902883
2023-12-03 08:00:00+00:00,9960.189043007378
2023-12-03 12:00:00+00:00,9971.43979726117
2023-12-03 16:00:00+00:00,9963.809796793474
2023-12-03 20:00:00+00:00,9979.920597170018
2023-12-04 00:00:00+00:00,10008.268923754931
2023-12-04 04:00:00+00:00,10037.24660883056
2023-12-04 08:00:00+00:00,10042.347520548525
2023-12-04 12:00:00+00:00,10029.445671488844
2023-12-04 16:00:00+00:00,10057.514283188993
2023-12-04 20:00:00+00:00,10058.407816848652
2023-12-05 00:00:00+00:00,10051.978259428064
2023-12-05 04:00:00+00:00,10040.004908388637
2023-12-05 08:00:00+00:00,10047.50282127186
2023-12-05 12:00:00+00:00,10068.784462087558
2023-12-05 16:00:00+00:00,10129.191222409447
2023-12-05 20:00:00+00:00,10139.097791244794
2023-12-06 00:00:00+00:00,10126.106588819146
2023-12-06 04:00:00+00:00,10124.680819892646
2023-12-06 08:00:00+00:00,10130.154684790296
2023-12-06 12:00:00+00:00,10128.266609318147
2023-12-06 16:00:00+00:00,10136.323951970897
2023-12-06 20:00:00+00:00,10127.248757931928
2023-12-07 00:00:00+00:00,10133.561767483865
2023-12-07 04:00:00+00:00,10132.11657391259
2023-12-07 08:00:00+00:00,10104.801638429717
2023-12-07 12:00:00+00:00,10123.286130397788
2023-12-07 16:00:00+00:00,10106.464388022474
2023-12-07 20:00:00+00:00,10109.078945209214
2023-12-08 00:00:00+00:00,10112.385019749952
2023-12-08 04:00:00+00:00,10104.277173020788
2023-12-08 08:00:00+00:00,10122.94037172079
2023-12-08 12:00:00+00:00,10127.470198882365
2023-12-08 16:00:00+00:00,10134.125082182345
2023-12-08 20:00:00+00:00,10143.29739944519
2023-12-09 00:00:00+00:00,10142.33393706434
2023-12-09 04:00:00+00:00,10144.680434153182
2023-12-09 08:00:00+00:00,10129.704033031512
2023-12-09 12:00:00+00:00,10138.67821891765
2023-12-09 16:00:00+00:00,10133.48018397581
2023-12-09 20:00:00+00:00,10125.356797530823
2023-12-10 00:00:00+00:00,10130.18964915089
2023-12-10 04:00:00+00:00,10135.26336636617
2023-12-10 08:00:00+00:00,10126.568895364795
2023-12-10 12:00:00+00:00,10132.843055627181
2023-12-10 16:00:00+00:00,10128.247184673372
2023-12-10 20:00:00+00:00,10128.219990170686
2023-12-11 00:00:00+00:00,10089.995073228409
2023-12-11 04:00:00+00:00,10089.995073228409
2023-12-11 08:00:00+00:00,10089.995073228409
2023-12-11 12:00:00+00:00,10089.995073228409
2023-12-11 16:00:00+00:00,10089.995073228409
2023-12-11 20:00:00+00:00,10089.995073228409
2023-12-12 00:00:00+00:00,10089.995073228409
2023-12-12 04:00:00+00:00,10089.995073228409
2023-12-12 08:00:00+00:00,10089.995073228409
2023-12-12 12:00:00+00:00,10089.995073228409
2023-12-12 16:00:00+00:00,10089.995073228409
2023-12-12 20:00:00+00:00,10089.995073228409
2023-12-13 00:00:00+00:00,10089.995073228409
2023-12-13 04:00:00+00:00,10089.995073228409
2023-12-13 08:00:00+00:00,10089.995073228409
2023-12-13 12:00:00+00:00,10089.995073228409
2023-12-13 16:00:00+00:00,10089.995073228409
2023-12-13 20:00:00+00:00,10089.995073228409
2023-12-14 00:00:00+00:00,10089.995073228409
2023-12-14 04:00:00+00:00,10089.995073228409
2023-12-14 08:00:00+00:00,10089.995073228409
2023-12-14 12:00:00+00:00,10089.995073228409
2023-12-14 16:00:00+00:00,10089.995073228409
2023-12-14 20:00:00+00:00,10089.995073228409
2023-12-15 00:00:00+00:00,10089.995073228409
2023-12-15 04:00:00+00:00,10089.995073228409
2023-12-15 08:00:00+00:00,10089.995073228409
2023-12-15 12:00:00+00:00,10089.995073228409
2023-12-15 16:00:00+00:00,10089.995073228409
2023-12-15 20:00:00+00:00,10089.995073228409
2023-12-16 00:00:00+00:00,10089.995073228409
2023-12-16 04:00:00+00:00,10089.995073228409
2023-12-16 08:00:00+00:00,10089.995073228409
2023-12-16 12:00:00+00:00,10089.995073228409
2023-12-16 16:00:00+00:00,10089.995073228409
2023-12-16 20:00:00+00:00,10089.995073228409
2023-12-17 00:00:00+00:00,10089.995073228409
2023-12-17 04:00:00+00:00,10089.995073228409
2023-12-17 08:00:00+00:00,10089.995073228409
2023-12-17 12:00:00+00:00,10089.995073228409
2023-12-17 16:00:00+00:00,10089.995073228409
2023-12-17 20:00:00+00:00,10089.995073228409
2023-12-18 00:00:00+00:00,10089.995073228409
2023-12-18 04:00:00+00:00,10089.995073228409
2023-12-18 08:00:00+00:00,10089.995073228409
2023-12-18 12:00:00+00:00,10089.995073228409
2023-12-18 16:00:00+00:00,10089.995073228409
2023-12-18 20:00:00+00:00,10089.995073228409
2023-12-19 00:00:00+00:00,10089.995073228409
2023-12-19 04:00:00+00:00,10089.995073228409
2023-12-19 08:00:00+00:00,10089.995073228409
2023-12-19 12:00:00+00:00,10089.995073228409
2023-12-19 16:00:00+00:00,10089.995073228409
2023-12-19 20:00:00+00:00,10089.995073228409
2023-12-20 00:00:00+00:00,10089.995073228409
2023-12-20 04:00:00+00:00,10089.995073228409
2023-12-20 08:00:00+00:00,10089.995073228409
2023-12-20 12:00:00+00:00,10089.995073228409
2023-12-20 16:00:00+00:00,10081.906171790622
2023-12-20 20:00:00+00:00,10080.730792275659
2024-02-09 00:00:00+00:00,10139.60413576088
2024-02-09 04:00:00+00:00,10143.408588271257
2024-02-09 08:00:00+00:00,10167.368438764439
2024-02-09 12:00:00+00:00,10166.690048473562
2024-02-09 16:00:00+00:00,10175.40723946403
2024-02-09 20:00:00+00:00,10166.118510865863
2024-02-10 00:00:00+00:00,10172.412879388912
2024-02-10 04:00:00+00:00,10166.79441621062
2024-02-10 08:00:00+00:00,10167.517535531664
2024-02-10 12:00:00+00:00,10172.082381554894
2024-02-10 16:00:00+00:00,10176.085629754907
2024-02-10 20:00:00+00:00,10181.726457448282
2024-02-11 00:00:00+00:00,10201.109037187633
2024-02-11 04:00:00+00:00,10192.364511789841
2024-02-11 08:00:00+00:00,10197.973035183652
2024-02-11 12:00:00+00:00,10191.579268815785
2024-02-11 16:00:00+00:00,10194.90909661716
2024-02-11 20:00:00+00:00,10195.71173421406
2024-02-12 00:00:00+00:00,10191.534539785618
2024-02-12 04:00:00+00:00,10192.789437576435
2024-02-12 08:00:00+00:00,10185.30229491558
2024-02-12 12:00:00+00:00,10235.701972130135
2024-02-12 16:00:00+00:00,10226.505186538425
2024-02-12 20:00:00+00:00,10235.629908692643
2024-02-13 00:00:00+00:00,10232.185773369727
2024-02-13 04:00:00+00:00,10237.64768494243
2024-02-13 08:00:00+00:00,10236.822682830449
2024-02-13 12:00:00+00:00,10206.158447704347
2024-02-13 16:00:00+00:00,10213.255453824293
2024-02-13 20:00:00+00:00,10229.830044447559
2024-02-14 00:00:00+00:00,10225.531087659216
2024-02-14 04:00:00+00:00,10233.721470072152
2024-02-14 08:00:00+00:00,10277.019171274518
2024-02-14 12:00:00+00:00,10277.322334701212
2024-02-14 16:00:00+00:00,10279.079191608354
2024-02-14 20:00:00+00:00,10282.125735552001
2024-02-15 00:00:00+00:00,10295.954460712193
2024-02-15 04:00:00+00:00,10282.145615120964
2024-02-15 08:00:00+00:00,10295.47735105707
2024-02-15 12:00:00+00:00,10285.98734182315
2024-02-15 16:00:00+00:00,10287.6721352928
2024-02-15 20:00:00+00:00,10284.578377372865
2024-02-16 00:00:00+00:00,10294.428703794249
2024-02-16 04:00:00+00:00,10281.41504096156
2024-02-16 08:00:00+00:00,10292.614693126336
2024-02-16 12:00:00+00:00,10284.364672006508
2024-02-16 16:00:00+00:00,10280.811199054295
2024-02-16 20:00:00+00:00,10290.616796445509
2024-02-17 00:00:00+00:00,10286.760160066602
2024-02-17 04:00:00+00:00,10285.2393730409
2024-02-17 08:00:00+00:00,10279.591090509164
2024-02-17 12:00:00+00:00,10262.176588097193
2024-02-17 16:00:00+00:00,10272.422020951724
2024-02-17 20:00:00+00:00,10278.81081742735
2024-02-18 00:00:00+00:00,10274.48949612392
2024-02-18 04:00:00+00:00,10279.11149590792
2024-02-18 08:00:00+00:00,10283.21662689887
2024-02-18 12:00:00+00:00,10281.971668892535
2024-02-18 16:00:00+00:00,10281.820087179189
2024-02-18 20:00:00+00:00,10291.08893620839
2024-02-19 00:00:00+00:00,10289.05625028188
2024-02-19 04:00:00+00:00,10297.209358503009
2024-02-19 08:00:00+00:00,10295.584203740249
2024-02-19 12:00:00+00:00,10290.522368492933
2024-02-19 16:00:00+00:00,10283.022801101477
2024-02-19 20:00:00+00:00,10282.145615120964
2024-02-20 00:00:00+00:00,10276.788071285318
2024-02-20 04:00:00+00:00,10283.604278493658
2024-02-20 08:00:00+00:00,10294.632469376123
2024-02-20 12:00:00+00:00,10279.250652890665
2024-02-20 16:00:00+00:00,10289.535844883123
2024-02-20 20:00:00+00:00,10294.018687684378
2024-02-21 00:00:00+00:00,10287.304363266978
2024-02-21 04:00:00+00:00,10276.487392804747
2024-02-21 08:00:00+00:00,10261.58517092053
2024-02-21 12:00:00+00:00,10233.440397585431
2024-02-21 16:00:00+00:00,10233.440397585431
2024-02-21 20:00:00+00:00,10233.440397585431
2024-02-22 00:00:00+00:00,10233.440397585431
2024-02-22 04:00:00+00:00,10233.440397585431
2024-02-22 08:00:00+00:00,10233.440397585431
2024-02-22 12:00:00+00:00,10233.440397585431
2024-02-22 16:00:00+00:00,10233.440397585431
2024-02-22 20:00:00+00:00,10233.440397585431
2024-02-23 00:00:00+00:00,10233.440397585431
2024-02-23 04:00:00+00:00,10233.440397585431
2024-02-23 08:00:00+00:00,10233.440397585431
2024-02-23 12:00:00+00:00,10233.440397585431
2024-02-23 16:00:00+00:00,10233.440397585431
2024-02-23 20:00:00+00:00,10233.440397585431
2024-02-24 00:00:00+00:00,10233.440397585431
2024-02-24 04:00:00+00:00,10233.440397585431
2024-02-24 08:00:00+00:00,10233.440397585431
2024-02-24 12:00:00+00:00,10233.440397585431
2024-02-24 16:00:00+00:00,10233.440397585431
2024-02-24 20:00:00+00:00,10233.440397585431
2024-02-25 00:00:00+00:00,10233.440397585431
2024-02-25 04:00:00+00:00,10233.440397585431
2024-02-25 08:00:00+00:00,10233.440397585431
2024-02-25 12:00:00+00:00,10233.440397585431
2024-02-25 16:00:00+00:00,10233.440397585431
2024-02-25 20:00:00+00:00,10233.440397585431
2024-02-26 00:00:00+00:00,10233.440397585431
2024-02-26 04:00:00+00:00,10233.440397585431
2024-02-26 08:00:00+00:00,10233.440397585431
2024-02-26 12:00:00+00:00,10233.440397585431
2024-02-26 16:00:00+00:00,10233.440397585431
2024-02-26 20:00:00+00:00,10232.322246624346
2024-02-27 00:00:00+00:00,10264.573106929578
2024-02-27 04:00:00+00:00,10273.296512289104
2024-02-27 08:00:00+00:00,10284.563288536392
2024-02-27 12:00:00+00:00,10290.468088483229
2024-02-27 16:00:00+00:00,10305.060615240065
2024-02-27 20:00:00+00:00,10297.792385007704
2024-02-28 00:00:00+00:00,10294.578767082387
2024-02-28 04:00:00+00:00,10329.164023913861
2024-02-28 08:00:00+00:00,10347.11543126195
2024-02-28 12:00:00+00:00,10398.704065411202
2024-02-28 16:00:00+00:00,10398.83658573802
2024-02-28 20:00:00+00:00,10436.352580566414
2024-02-29 00:00:00+00:00,10413.582020564261
2024-02-29 04:00:00+00:00,10443.760976529062
2024-02-29 08:00:00+00:00,10449.999625760765
2024-02-29 12:00:00+00:00,10445.035210440765
2024-02-29 16:00:00+00:00,10414.639634710975
2024-02-29 20:00:00+00:00,10403.153690230874
2024-03-01 00:00:00+00:00,10401.9915889034
2024-03-01 04:00:00+00:00,10410.190009891305
2024-03-01 08:00:00+00:00,10420.437399009228
2024-03-01 12:00:00+00:00,10406.563540178593
2024-03-01 16:00:00+00:00,10429.555816881384
2024-03-01 20:00:00+00:00,10434.550813815264
2024-03-02 00:00:00+00:00,10432.825501098816
2024-03-02 04:00:00+00:00,10425.982864992966
2024-03-02 08:00:00+00:00,10420.878283942679
2024-03-02 12:00:00+00:00,10419.36959099122
2024-03-02 16:00:00+00:00,10428.136320303745
2024-03-02 20:00:00+00:00,10425.180097628592
2024-03-03 00:00:00+00:00,10423.707083226662
2024-03-03 04:00:00+00:00,10414.5988592258
2024-03-03 08:00:00+00:00,10420.470529090933
2024-03-03 12:00:00+00:00,10429.160804368756
2024-03-03 16:00:00+00:00,10442.909788276043
2024-03-03 20:00:00+00:00,10453.628643941298
2024-03-04 00:00:00+00:00,10461.852549607436
2024-03-04 04:00:00+00:00,10478.119419724253
2024-03-04 08:00:00+00:00,10508.578707149629
2024-03-04 12:00:00+00:00,10539.351456117283
2024-03-04 16:00:00+00:00,10562.950268162043
2024-03-04 20:00:00+00:00,10585.012354109289
2024-03-05 00:00:00+00:00,10582.318623619947
2024-03-05 04:00:00+00:00,10532.411978234142
2024-03-05 08:00:00+00:00,10544.779692581144
2024-03-05 12:00:00+00:00,10547.840402437056
2024-03-05 16:00:00+00:00,10488.200337615843
2024-03-05 20:00:00+00:00,10488.200337615843
2024-03-06 00:00:00+00:00,10488.200337615843
2024-03-06 04:00:00+00:00,10488.200337615843
2024-03-06 08:00:00+00:00,10488.200337615843
2024-03-06 12:00:00+00:00,10488.200337615843
2024-03-06 16:00:00+00:00,10488.200337615843
2024-03-06 20:00:00+00:00,10488.200337615843
2024-03-07 00:00:00+00:00,10488.200337615843
2024-03-07 04:00:00+00:00,10488.200337615843
2024-03-07 08:00:00+00:00,10488.200337615843
2024-03-07 12:00:00+00:00,10488.200337615843
2024-03-07 16:00:00+00:00,10488.200337615843
2024-03-07 20:00:00+00:00,10488.200337615843
2024-03-08 00:00:00+00:00,10488.200337615843
2024-03-08 04:00:00+00:00,10488.200337615843
2024-03-08 08:00:00+00:00,10488.200337615843
2024-03-08 12:00:00+00:00,10488.200337615843
2024-03-08 16:00:00+00:00,10488.200337615843
2024-03-08 20:00:00+00:00,10488.200337615843
2024-03-09 00:00:00+00:00,10488.200337615843
2024-03-09 04:00:00+00:00,10488.200337615843
2024-03-09 08:00:00+00:00,10488.200337615843
2024-03-09 12:00:00+00:00,10488.200337615843
2024-03-09 16:00:00+00:00,10488.200337615843
2024-03-09 20:00:00+00:00,10488.200337615843
2024-03-10 00:00:00+00:00,10488.200337615843
2024-03-10 04:00:00+00:00,10488.200337615843
2024-03-10 08:00:00+00:00,10488.200337615843
2024-03-10 12:00:00+00:00,10488.200337615843
2024-03-10 16:00:00+00:00,10488.200337615843
2024-03-10 20:00:00+00:00,10488.200337615843
2024-03-11 00:00:00+00:00,10488.200337615843
2024-03-11 04:00:00+00:00,10488.200337615843
2024-03-11 08:00:00+00:00,10491.941860452493
2024-03-11 12:00:00+00:00,10498.596737654883
2024-03-11 16:00:00+00:00,10497.358165686837
2024-03-11 20:00:00+00:00,10500.097641515002
2024-03-12 00:00:00+00:00,10493.510631269766
2024-03-12 04:00:00+00:00,10500.339091266413
2024-03-12 08:00:00+00:00,10498.693317555448
2024-03-12 12:00:00+00:00,10495.095063692535
2024-03-12 16:00:00+00:00,10489.680063591983
2024-03-12 20:00:00+00:00,10491.516386836494
2024-03-13 00:00:00+00:00,10499.293679099495
2024-03-13 04:00:00+00:00,10510.61701987375
2024-05-02 08:00:00+00:00,10442.097592371012
2024-05-02 12:00:00+00:00,10442.097592371012
2024-05-02 16:00:00+00:00,10442.097592371012
2024-05-02 20:00:00+00:00,10442.097592371012
2024-05-03 00:00:00+00:00,10442.097592371012
2024-05-03 04:00:00+00:00,10442.097592371012
2024-05-03 08:00:00+00:00,10442.097592371012
2024-05-03 12:00:00+00:00,10442.097592371012
2024-05-03 16:00:00+00:00,10442.097592371012
2024-05-03 20:00:00+00:00,10442.097592371012
2024-05-04 00:00:00+00:00,10442.097592371012
2024-05-04 04:00:00+00:00,10442.097592371012
2024-05-04 08:00:00+00:00,10442.097592371012
2024-05-04 12:00:00+00:00,10442.097592371012
2024-05-04 16:00:00+00:00,10442.097592371012
2024-05-04 20:00:00+00:00,10442.097592371012
2024-05-05 00:00:00+00:00,10442.097592371012
2024-05-05 04:00:00+00:00,10442.097592371012
2024-05-05 08:00:00+00:00,10442.097592371012
2024-05-05 12:00:00+00:00,10442.097592371012
2024-05-05 16:00:00+00:00,10442.097592371012
2024-05-05 20:00:00+00:00,10442.097592371012
2024-05-06 00:00:00+00:00,10442.097592371012
2024-05-06 04:00:00+00:00,10442.097592371012
2024-05-06 08:00:00+00:00,10442.097592371012
2024-05-06 12:00:00+00:00,10442.097592371012
2024-05-06 16:00:00+00:00,10442.097592371012
2024-05-06 20:00:00+00:00,10442.097592371012
2024-05-07 00:00:00+00:00,10442.097592371012
2024-05-07 04:00:00+00:00,10442.097592371012
2024-05-07 08:00:00+00:00,10442.097592371012
2024-05-07 12:00:00+00:00,10442.097592371012
2024-05-07 16:00:00+00:00,10442.097592371012
2024-05-07 20:00:00+00:00,10442.097592371012
2024-05-08 00:00:00+00:00,10442.097592371012
2024-05-08 04:00:00+00:00,10442.097592371012
2024-05-08 08:00:00+00:00,10442.097592371012
2024-05-08 12:00:00+00:00,10442.097592371012
2024-05-08 16:00:00+00:00,10442.097592371012
2024-05-08 20:00:00+00:00,10442.097592371012
2024-05-09 00:00:00+00:00,10442.097592371012
2024-05-09 04:00:00+00:00,10442.097592371012
2024-05-09 08:00:00+00:00,10442.097592371012
2024-05-09 12:00:00+00:00,10442.097592371012
2024-05-09 16:00:00+00:00,10442.097592371012
2024-05-09 20:00:00+00:00,10442.097592371012
2024-05-10 00:00:00+00:00,10442.097592371012
2024-05-10 04:00:00+00:00,10442.097592371012
2024-05-10 08:00:00+00:00,10442.097592371012
2024-05-10 12:00:00+00:00,10442.097592371012
2024-05-10 16:00:00+00:00,10442.097592371012
2024-05-10 20:00:00+00:00,10442.097592371012
2024-05-11 00:00:00+00:00,10442.097592371012
2024-05-11 04:00:00+00:00,10442.097592371012
2024-05-11 08:00:00+00:00,10442.097592371012
2024-05-11 12:00:00+00:00,10442.097592371012
2024-05-11 16:00:00+00:00,10442.097592371012
2024-05-11 20:00:00+00:00,10442.097592371012
2024-05-12 00:00:00+00:00,10442.097592371012
2024-05-12 04:00:00+00:00,10442.097592371012
2024-05-12 08:00:00+00:00,10442.097592371012
2024-05-12 12:00:00+00:00,10442.097592371012
2024-05-12 16:00:00+00:00,10442.097592371012
2024-05-12 20:00:00+00:00,10442.097592371012
2024-05-13 00:00:00+00:00,10442.097592371012
2024-05-13 04:00:00+00:00,10442.097592371012
2024-05-13 08:00:00+00:00,10442.097592371012
2024-05-13 12:00:00+00:00,10442.097592371012
2024-05-13 16:00:00+00:00,10442.097592371012
2024-05-13 20:00:00+00:00,10442.097592371012
2024-05-14 00:00:00+00:00,10442.097592371012
2024-05-14 04:00:00+00:00,10442.097592371012
2024-05-14 08:00:00+00:00,10442.097592371012
2024-05-14 12:00:00+00:00,10442.097592371012
2024-05-14 16:00:00+00:00,10442.097592371012
2024-05-14 20:00:00+00:00,10442.097592371012
2024-05-15 00:00:00+00:00,10442.097592371012
2024-05-15 04:00:00+00:00,10442.097592371012
2024-05-15 08:00:00+00:00,10442.097592371012
2024-05-15 12:00:00+00:00,10442.097592371012
2024-05-15 16:00:00+00:00,10442.097592371012
2024-05-15 20:00:00+00:00,10445.99968121116
2024-05-16 00:00:00+00:00,10441.914264499885
2024-05-16 04:00:00+00:00,10444.528507835857
2024-05-16 08:00:00+00:00,10451.281087788691
2024-05-16 12:00:00+00:00,10438.878425916073
2024-05-16 16:00:00+00:00,10427.8181656485
2024-05-16 20:00:00+00:00,10428.208008952986
2024-05-17 00:00:00+00:00,10434.468433783868
2024-05-17 04:00:00+00:00,10449.180167536908
2024-05-17 08:00:00+00:00,10445.14237874066
2024-05-17 12:00:00+00:00,10463.01166686036
2024-05-17 16:00:00+00:00,10460.124004012192
2024-05-17 20:00:00+00:00,10459.813540566085
2024-05-18 00:00:00+00:00,10458.748086466943
2024-05-18 04:00:00+00:00,10457.6191284811
2024-05-18 08:00:00+00:00,10462.994026891833
2024-05-18 12:00:00+00:00,10456.431958599109
2024-05-18 16:00:00+00:00,10458.053071706907
2024-05-18 20:00:00+00:00,10457.987803823351
2024-05-19 00:00:00+00:00,10462.358988024795
2024-05-19 04:00:00+00:00,10465.183146986259
2024-05-19 08:00:00+00:00,10465.553586325364
2024-05-19 12:00:00+00:00,10457.88372800903
2024-05-19 16:00:00+00:00,10442.776858960944
2024-05-19 20:00:00+00:00,10446.712335939725
2024-05-20 00:00:00+00:00,10453.72245943308
2024-05-20 04:00:00+00:00,10456.566022359928
2024-05-20 08:00:00+00:00,10459.51013310739
2024-05-20 12:00:00+00:00,10466.867763980763
2024-05-20 16:00:00+00:00,10513.791844264291
2024-05-20 20:00:00+00:00,10538.937619402133
2024-05-21 00:00:00+00:00,10535.467837592512
2024-05-21 04:00:00+00:00,10528.50181402048
2024-05-21 08:00:00+00:00,10531.858700031515
2024-05-21 12:00:00+00:00,10510.02747498024
2024-05-21 16:00:00+00:00,10500.194956522273
2024-05-21 20:00:00+00:00,10515.203041746598
2024-05-22 00:00:00+00:00,10511.835571754445
2024-05-22 04:00:00+00:00,10507.750155043168
2024-05-22 08:00:00+00:00,10507.921262737898
2024-05-22 12:00:00+00:00,10520.394484484632
2024-05-22 16:00:00+00:00,10506.677644956617
2024-05-22 20:00:00+00:00,10498.505047537212
2024-05-23 00:00:00+00:00,10503.061451408206
2024-05-23 04:00:00+00:00,10507.841882879518
2024-05-23 08:00:00+00:00,10511.833807757592
2024-05-23 12:00:00+00:00,10487.57826686533
2024-05-23 16:00:00+00:00,10487.57826686533
2024-05-23 20:00:00+00:00,10487.57826686533
2024-05-24 00:00:00+00:00,10487.57826686533
2024-05-24 04:00:00+00:00,10487.57826686533
2024-05-24 08:00:00+00:00,10487.57826686533
2024-05-24 12:00:00+00:00,10487.57826686533
2024-05-24 16:00:00+00:00,10487.57826686533
2024-05-24 20:00:00+00:00,10487.57826686533
2024-05-25 00:00:00+00:00,10487.57826686533
2024-05-25 04:00:00+00:00,10487.57826686533
2024-05-25 08:00:00+00:00,10487.57826686533
2024-05-25 12:00:00+00:00,10487.57826686533
2024-05-25 16:00:00+00:00,10487.57826686533
2024-05-25 20:00:00+00:00,10487.57826686533
2024-05-26 00:00:00+00:00,10487.57826686533
2024-05-26 04:00:00+00:00,10487.57826686533
2024-05-26 08:00:00+00:00,10487.57826686533
2024-05-26 12:00:00+00:00,10487.57826686533
2024-05-26 16:00:00+00:00,10487.57826686533
2024-05-26 20:00:00+00:00,10487.57826686533
2024-05-27 00:00:00+00:00,10487.57826686533
2024-05-27 04:00:00+00:00,10487.57826686533
2024-05-27 08:00:00+00:00,10487.57826686533
2024-05-27 12:00:00+00:00,10487.57826686533
2024-05-27 16:00:00+00:00,10487.57826686533
2024-05-27 20:00:00+00:00,10487.57826686533
2024-05-28 00:00:00+00:00,10487.57826686533
2024-05-28 04:00:00+00:00,10487.57826686533
2024-05-28 08:00:00+00:00,10487.57826686533
2024-05-28 12:00:00+00:00,10487.57826686533
2024-05-28 16:00:00+00:00,10487.57826686533
2024-05-28 20:00:00+00:00,10487.57826686533
2024-05-29 00:00:00+00:00,10487.57826686533
2024-05-29 04:00:00+00:00,10487.57826686533
2024-05-29 08:00:00+00:00,10487.57826686533
2024-05-29 12:00:00+00:00,10487.57826686533
2024-05-29 16:00:00+00:00,10487.57826686533
2024-05-29 20:00:00+00:00,10487.57826686533
2024-05-30 00:00:00+00:00,10487.57826686533
2024-05-30 04:00:00+00:00,10487.57826686533
2024-05-30 08:00:00+00:00,10487.57826686533
2024-05-30 12:00:00+00:00,10487.57826686533
2024-05-30 16:00:00+00:00,10487.57826686533
2024-05-30 20:00:00+00:00,10487.57826686533
2024-05-31 00:00:00+00:00,10487.57826686533
2024-05-31 04:00:00+00:00,10487.57826686533
2024-05-31 08:00:00+00:00,10487.57826686533
2024-05-31 12:00:00+00:00,10487.57826686533
2024-05-31 16:00:00+00:00,10487.57826686533
2024-05-31 20:00:00+00:00,10487.57826686533
2024-06-01 00:00:00+00:00,10487.57826686533
2024-06-01 04:00:00+00:00,10487.57826686533
2024-06-01 08:00:00+00:00,10487.57826686533
2024-06-01 12:00:00+00:00,10487.57826686533
2024-06-01 16:00:00+00:00,10487.57826686533
2024-06-01 20:00:00+00:00,10487.57826686533
2024-06-02 00:00:00+00:00,10487.57826686533
2024-06-02 04:00:00+00:00,10487.57826686533
2024-06-02 08:00:00+00:00,10487.57826686533
2024-06-02 12:00:00+00:00,10487.57826686533
2024-06-02 16:00:00+00:00,10487.57826686533
2024-06-02 20:00:00+00:00,10487.57826686533
2024-06-03 00:00:00+00:00,10487.57826686533
2024-06-03 04:00:00+00:00,10487.57826686533
2024-06-03 08:00:00+00:00,10487.57826686533
2024-06-03 12:00:00+00:00,10487.57826686533
2024-06-03 16:00:00+00:00,10487.57826686533
2024-06-03 20:00:00+00:00,10487.57826686533
2024-06-04 00:00:00+00:00,10487.57826686533
2024-06-04 04:00:00+00:00,10487.57826686533
2024-06-04 08:00:00+00:00,10487.57826686533
2024-06-04 12:00:00+00:00,10487.57826686533
2024-07-24 16:00:00+00:00,10487.57826686533
2024-07-24 20:00:00+00:00,10487.57826686533
2024-07-25 00:00:00+00:00,10487.57826686533
2024-07-25 04:00:00+00:00,10487.57826686533
2024-07-25 08:00:00+00:00,10487.57826686533
2024-07-25 12:00:00+00:00,10487.57826686533
2024-07-25 16:00:00+00:00,10487.57826686533
2024-07-25 20:00:00+00:00,10487.57826686533
2024-07-26 00:00:00+00:00,10487.57826686533
2024-07-26 04:00:00+00:00,10487.57826686533
2024-07-26 08:00:00+00:00,10487.57826686533
2024-07-26 12:00:00+00:00,10487.57826686533
2024-07-26 16:00:00+00:00,10487.57826686533
2024-07-26 20:00:00+00:00,10487.57826686533
2024-07-27 00:00:00+00:00,10487.57826686533
2024-07-27 04:00:00+00:00,10487.57826686533
2024-07-27 08:00:00+00:00,10487.57826686533
2024-07-27 12:00:00+00:00,10487.57826686533
2024-07-27 16:00:00+00:00,10487.57826686533
2024-07-27 20:00:00+00:00,10487.57826686533
2024-07-28 00:00:00+00:00,10487.57826686533
2024-07-28 04:00:00+00:00,10487.57826686533
2024-07-28 08:00:00+00:00,10487.57826686533
2024-07-28 12:00:00+00:00,10487.57826686533
2024-07-28 16:00:00+00:00,10487.57826686533
2024-07-28 20:00:00+00:00,10487.57826686533
2024-07-29 00:00:00+00:00,10487.57826686533
2024-07-29 04:00:00+00:00,10487.57826686533
2024-07-29 08:00:00+00:00,10487.57826686533
2024-07-29 12:00:00+00:00,10487.57826686533
2024-07-29 16:00:00+00:00,10487.57826686533
2024-07-29 20:00:00+00:00,10487.57826686533
2024-07-30 00:00:00+00:00,10487.57826686533
2024-07-30 04:00:00+00:00,10487.57826686533
2024-07-30 08:00:00+00:00,10487.57826686533
2024-07-30 12:00:00+00:00,10487.57826686533
2024-07-30 16:00:00+00:00,10487.57826686533
2024-07-30 20:00:00+00:00,10487.57826686533
2024-07-31 00:00:00+00:00,10487.57826686533
2024-07-31 04:00:00+00:00,10487.57826686533
2024-07-31 08:00:00+00:00,10487.57826686533
2024-07-31 12:00:00+00:00,10487.57826686533
2024-07-31 16:00:00+00:00,10487.57826686533
2024-07-31 20:00:00+00:00,10487.57826686533
2024-08-01 00:00:00+00:00,10487.57826686533
2024-08-01 04:00:00+00:00,10487.57826686533
2024-08-01 08:00:00+00:00,10487.57826686533
2024-08-01 12:00:00+00:00,10487.57826686533
2024-08-01 16:00:00+00:00,10487.57826686533
2024-08-01 20:00:00+00:00,10487.57826686533
2024-08-02 00:00:00+00:00,10487.57826686533
2024-08-02 04:00:00+00:00,10487.57826686533
2024-08-02 08:00:00+00:00,10487.57826686533
2024-08-02 12:00:00+00:00,10487.57826686533
2024-08-02 16:00:00+00:00,10487.57826686533
2024-08-02 20:00:00+00:00,10487.57826686533
2024-08-03 00:00:00+00:00,10487.57826686533
2024-08-03 04:00:00+00:00,10487.57826686533
2024-08-03 08:00:00+00:00,10487.57826686533
2024-08-03 12:00:00+00:00,10487.57826686533
2024-08-03 16:00:00+00:00,10487.57826686533
2024-08-03 20:00:00+00:00,10487.57826686533
2024-08-04 00:00:00+00:00,10487.57826686533
2024-08-04 04:00:00+00:00,10487.57826686533
2024-08-04 08:00:00+00:00,10487.57826686533
2024-08-04 12:00:00+00:00,10487.57826686533
2024-08-04 16:00:00+00:00,10487.57826686533
2024-08-04 20:00:00+00:00,10487.57826686533
2024-08-05 00:00:00+00:00,10487.57826686533
2024-08-05 04:00:00+00:00,10487.57826686533
2024-08-05 08:00:00+00:00,10487.57826686533
2024-08-05 12:00:00+00:00,10487.57826686533
2024-08-05 16:00:00+00:00,10487.57826686533
2024-08-05 20:00:00+00:00,10487.57826686533
2024-08-06 00:00:00+00:00,10487.57826686533
2024-08-06 04:00:00+00:00,10487.57826686533
2024-08-06 08:00:00+00:00,10487.57826686533
2024-08-06 12:00:00+00:00,10487.57826686533
2024-08-06 16:00:00+00:00,10487.57826686533
2024-08-06 20:00:00+00:00,10487.57826686533
2024-08-07 00:00:00+00:00,10487.57826686533
2024-08-07 04:00:00+00:00,10487.57826686533
2024-08-07 08:00:00+00:00,10487.57826686533
2024-08-07 12:00:00+00:00,10487.57826686533
2024-08-07 16:00:00+00:00,10487.57826686533
2024-08-07 20:00:00+00:00,10487.57826686533
2024-08-08 00:00:00+00:00,10487.57826686533
2024-08-08 04:00:00+00:00,10487.57826686533
2024-08-08 08:00:00+00:00,10487.57826686533
2024-08-08 12:00:00+00:00,10487.57826686533
2024-08-08 16:00:00+00:00,10487.57826686533
2024-08-08 20:00:00+00:00,10487.57826686533
2024-08-09 00:00:00+00:00,10487.57826686533
2024-08-09 04:00:00+00:00,10487.57826686533
2024-08-09 08:00:00+00:00,10487.57826686533
2024-08-09 12:00:00+00:00,10487.57826686533
2024-08-09 16:00:00+00:00,10487.57826686533
2024-08-09 20:00:00+00:00,10487.57826686533
2024-08-10 00:00:00+00:00,10487.57826686533
2024-08-10 04:00:00+00:00,10487.57826686533
2024-08-10 08:00:00+00:00,10487.57826686533
2024-08-10 12:00:00+00:00,10487.57826686533
2024-08-10 16:00:00+00:00,10487.57826686533
2024-08-10 20:00:00+00:00,10487.57826686533
2024-08-11 00:00:00+00:00,10487.57826686533
2024-08-11 04:00:00+00:00,10487.57826686533
2024-08-11 08:00:00+00:00,10487.57826686533
2024-08-11 12:00:00+00:00,10487.57826686533
2024-08-11 16:00:00+00:00,10487.57826686533
2024-08-11 20:00:00+00:00,10487.57826686533
2024-08-12 00:00:00+00:00,10487.57826686533
2024-08-12 04:00:00+00:00,10487.57826686533
2024-08-12 08:00:00+00:00,10487.57826686533
2024-08-12 12:00:00+00:00,10487.57826686533
2024-08-12 16:00:00+00:00,10487.57826686533
2024-08-12 20:00:00+00:00,10487.57826686533
2024-08-13 00:00:00+00:00,10487.57826686533
2024-08-13 04:00:00+00:00,10487.57826686533
2024-08-13 08:00:00+00:00,10487.57826686533
2024-08-13 12:00:00+00:00,10487.57826686533
2024-08-13 16:00:00+00:00,10487.57826686533
2024-08-13 20:00:00+00:00,10487.57826686533
2024-08-14 00:00:00+00:00,10487.57826686533
2024-08-14 04:00:00+00:00,10487.57826686533
2024-08-14 08:00:00+00:00,10487.57826686533
2024-08-14 12:00:00+00:00,10487.57826686533
2024-08-14 16:00:00+00:00,10487.57826686533
2024-08-14 20:00:00+00:00,10487.57826686533
2024-08-15 00:00:00+00:00,10487.57826686533
2024-08-15 04:00:00+00:00,10487.57826686533
2024-08-15 08:00:00+00:00,10487.57826686533
2024-08-15 12:00:00+00:00,10487.57826686533
2024-08-15 16:00:00+00:00,10487.57826686533
2024-08-15 20:00:00+00:00,10487.57826686533
2024-08-16 00:00:00+00:00,10487.57826686533
2024-08-16 04:00:00+00:00,10487.57826686533
2024-08-16 08:00:00+00:00,10487.57826686533
2024-08-16 12:00:00+00:00,10487.57826686533
2024-08-16 16:00:00+00:00,10487.57826686533
2024-08-16 20:00:00+00:00,10487.57826686533
2024-08-17 00:00:00+00:00,10487.57826686533
2024-08-17 04:00:00+00:00,10487.57826686533
2024-08-17 08:00:00+00:00,10487.57826686533
2024-08-17 12:00:00+00:00,10487.57826686533
2024-08-17 16:00:00+00:00,10487.57826686533
2024-08-17 20:00:00+00:00,10487.57826686533
2024-08-18 00:00:00+00:00,10487.57826686533
2024-08-18 04:00:00+00:00,10487.57826686533
2024-08-18 08:00:00+00:00,10487.57826686533
2024-08-18 12:00:00+00:00,10487.57826686533
2024-08-18 16:00:00+00:00,10487.57826686533
2024-08-18 20:00:00+00:00,10487.57826686533
2024-08-19 00:00:00+00:00,10487.57826686533
2024-08-19 04:00:00+00:00,10487.57826686533
2024-08-19 08:00:00+00:00,10487.57826686533
2024-08-19 12:00:00+00:00,10487.57826686533
2024-08-19 16:00:00+00:00,10487.57826686533
2024-08-19 20:00:00+00:00,10487.57826686533
2024-08-20 00:00:00+00:00,10487.57826686533
2024-08-20 04:00:00+00:00,10487.57826686533
2024-08-20 08:00:00+00:00,10487.57826686533
2024-08-20 12:00:00+00:00,10487.57826686533
2024-08-20 16:00:00+00:00,10487.57826686533
2024-08-20 20:00:00+00:00,10487.57826686533
2024-08-21 00:00:00+00:00,10487.57826686533
2024-08-21 04:00:00+00:00,10487.57826686533
2024-08-21 08:00:00+00:00,10487.57826686533
2024-08-21 12:00:00+00:00,10487.57826686533
2024-08-21 16:00:00+00:00,10487.57826686533
2024-08-21 20:00:00+00:00,10487.57826686533
2024-08-22 00:00:00+00:00,10487.57826686533
2024-08-22 04:00:00+00:00,10487.57826686533
2024-08-22 08:00:00+00:00,10487.57826686533
2024-08-22 12:00:00+00:00,10487.57826686533
2024-08-22 16:00:00+00:00,10487.57826686533
2024-08-22 20:00:00+00:00,10487.57826686533
2024-08-23 00:00:00+00:00,10487.57826686533
2024-08-23 04:00:00+00:00,10487.57826686533
2024-08-23 08:00:00+00:00,10487.57826686533
2024-08-23 12:00:00+00:00,10487.57826686533
2024-08-23 16:00:00+00:00,10487.57826686533
2024-08-23 20:00:00+00:00,10493.856470962408
2024-08-24 00:00:00+00:00,10490.975334470226
2024-08-24 04:00:00+00:00,10498.506505868001
2024-08-24 08:00:00+00:00,10492.05301147875
2024-08-24 12:00:00+00:00,10492.907612488429
2024-08-24 16:00:00+00:00,10496.476828470019
2024-08-24 20:00:00+00:00,10495.969409120524
2024-08-25 00:00:00+00:00,10494.874451576876
2024-08-25 04:00:00+00:00,10491.416773594709
2024-08-25 08:00:00+00:00,10491.66812683285
2024-08-25 12:00:00+00:00,10495.438425404953
2024-08-25 16:00:00+00:00,10496.560089230154
2024-08-25 20:00:00+00:00,10496.889990355212
2024-08-26 00:00:00+00:00,10495.348880813865
2024-08-26 04:00:00+00:00,10490.954912019626
2024-08-26 08:00:00+00:00,10491.218832919674
2024-08-26 12:00:00+00:00,10486.202764861038
2024-08-26 16:00:00+00:00,10482.941456596169
2024-08-26 20:00:00+00:00,10475.319169649567
2024-10-16 00:00:00+00:00,10541.987474150783
2024-10-16 04:00:00+00:00,10540.262562554046
2024-10-16 08:00:00+00:00,10554.627400113759
2024-10-16 12:00:00+00:00,10552.454765561584
2024-10-16 16:00:00+00:00,10552.029036014485
2024-10-16 20:00:00+00:00,10550.21457982666
2024-10-17 00:00:00+00:00,10549.956942757566
2024-10-17 04:00:00+00:00,10545.333614133524
2024-10-17 08:00:00+00:00,10538.848700589508
2024-10-17 12:00:00+00:00,10549.875252955171
2024-10-17 16:00:00+00:00,10538.152766311407
2024-10-17 20:00:00+00:00,10547.165350856472
2024-10-18 00:00:00+00:00,10549.424388084257
2024-10-18 04:00:00+00:00,10555.959572275902
2024-10-18 08:00:00+00:00,10551.63629657989
2024-10-18 12:00:00+00:00,10567.393002695806
2024-10-18 16:00:00+00:00,10565.826757830644
2024-10-18 20:00:00+00:00,10563.134136267066
2024-10-19 00:00:00+00:00,10563.542585279045
2024-10-19 04:00:00+00:00,10561.869515287673
2024-10-19 08:00:00+00:00,10557.714332069669
2024-10-19 12:00:00+00:00,10559.9670854665
2024-10-19 16:00:00+00:00,10559.318279920552
2024-10-19 20:00:00+00:00,10562.27010951096
2024-10-20 00:00:00+00:00,10559.480088567603
2024-10-20 04:00:00+00:00,10562.28896100382
2024-10-20 08:00:00+00:00,10562.873357282497
2024-10-20 12:00:00+00:00,10566.310612814064
2024-10-20 16:00:00+00:00,10564.315496486326
2024-10-20 20:00:00+00:00,10572.894496695599
2024-10-21 00:00:00+00:00,10571.160159352432
2024-10-21 04:00:00+00:00,10564.549569189345
2024-10-21 08:00:00+00:00,10560.35354107014
2024-10-21 12:00:00+00:00,10527.755829662668
2024-10-21 16:00:00+00:00,10527.755829662668
2024-10-21 20:00:00+00:00,10527.755829662668
2024-10-22 00:00:00+00:00,10527.755829662668
2024-10-22 04:00:00+00:00,10527.755829662668
2024-10-22 08:00:00+00:00,10527.755829662668
2024-10-22 12:00:00+00:00,10527.755829662668
2024-10-22 16:00:00+00:00,10527.755829662668
2024-10-22 20:00:00+00:00,10527.755829662668
2024-10-23 00:00:00+00:00,10527.755829662668
2024-10-23 04:00:00+00:00,10527.755829662668
2024-10-23 08:00:00+00:00,10527.755829662668
2024-10-23 12:00:00+00:00,10527.755829662668
2024-10-23 16:00:00+00:00,10527.755829662668
2024-10-23 20:00:00+00:00,10527.755829662668
2024-10-24 00:00:00+00:00,10527.755829662668
2024-10-24 04:00:00+00:00,10527.755829662668
2024-10-24 08:00:00+00:00,10527.755829662668
2024-10-24 12:00:00+00:00,10527.755829662668
2024-10-24 16:00:00+00:00,10527.755829662668
2024-10-24 20:00:00+00:00,10527.755829662668
2024-10-25 00:00:00+00:00,10527.755829662668
2024-10-25 04:00:00+00:00,10527.755829662668
2024-10-25 08:00:00+00:00,10527.755829662668
2024-10-25 12:00:00+00:00,10527.755829662668
2024-10-25 16:00:00+00:00,10527.755829662668
2024-10-25 20:00:00+00:00,10527.755829662668
2024-10-26 00:00:00+00:00,10527.755829662668
2024-10-26 04:00:00+00:00,10527.755829662668
2024-10-26 08:00:00+00:00,10527.755829662668
2024-10-26 12:00:00+00:00,10527.755829662668
2024-10-26 16:00:00+00:00,10527.755829662668
2024-10-26 20:00:00+00:00,10527.755829662668
2024-10-27 00:00:00+00:00,10527.755829662668
2024-10-27 04:00:00+00:00,10527.755829662668
2024-10-27 08:00:00+00:00,10527.755829662668
2024-10-27 12:00:00+00:00,10527.755829662668
2024-10-27 16:00:00+00:00,10527.755829662668
2024-10-27 20:00:00+00:00,10527.755829662668
2024-10-28 00:00:00+00:00,10527.755829662668
2024-10-28 04:00:00+00:00,10527.755829662668
2024-10-28 08:00:00+00:00,10527.755829662668
2024-10-28 12:00:00+00:00,10527.755829662668
2024-10-28 16:00:00+00:00,10527.755829662668
2024-10-28 20:00:00+00:00,10535.323402110113
2024-10-29 00:00:00+00:00,10557.99373251775
2024-10-29 04:00:00+00:00,10559.474262485093
2024-10-29 08:00:00+00:00,10569.464423157042
2024-10-29 12:00:00+00:00,10590.686111935094
2024-10-29 16:00:00+00:00,10593.246289909393
2024-10-29 20:00:00+00:00,10599.077300242312
2024-10-30 00:00:00+00:00,10587.820717013683
2024-10-30 04:00:00+00:00,10587.406168622827
2024-10-30 08:00:00+00:00,10581.356495402422
2024-10-30 12:00:00+00:00,10583.130853624823
2024-10-30 16:00:00+00:00,10577.748557758929
2024-10-30 20:00:00+00:00,10589.841070984505
2024-10-31 00:00:00+00:00,10589.699851203004
2024-10-31 04:00:00+00:00,10591.20543629287
2024-10-31 08:00:00+00:00,10586.77979055972
2024-10-31 12:00:00+00:00,10551.427012677981
2024-10-31 16:00:00+00:00,10542.937825977293
2024-10-31 20:00:00+00:00,10542.937825977293
2024-11-01 00:00:00+00:00,10542.937825977293
2024-11-01 04:00:00+00:00,10542.937825977293
2024-11-01 08:00:00+00:00,10542.937825977293
2024-11-01 12:00:00+00:00,10542.937825977293
2024-11-01 16:00:00+00:00,10542.937825977293
2024-11-01 20:00:00+00:00,10542.937825977293
2024-11-02 00:00:00+00:00,10542.937825977293
2024-11-02 04:00:00+00:00,10542.937825977293
2024-11-02 08:00:00+00:00,10542.937825977293
2024-11-02 12:00:00+00:00,10542.937825977293
2024-11-02 16:00:00+00:00,10542.937825977293
2024-11-02 20:00:00+00:00,10542.937825977293
2024-11-03 00:00:00+00:00,10542.937825977293
2024-11-03 04:00:00+00:00,10542.937825977293
2024-11-03 08:00:00+00:00,10542.937825977293
2024-11-03 12:00:00+00:00,10542.937825977293
2024-11-03 16:00:00+00:00,10542.937825977293
2024-11-03 20:00:00+00:00,10542.937825977293
2024-11-04 00:00:00+00:00,10542.937825977293
2024-11-04 04:00:00+00:00,10542.937825977293
2024-11-04 08:00:00+00:00,10542.937825977293
2024-11-04 12:00:00+00:00,10542.937825977293
2024-11-04 16:00:00+00:00,10542.937825977293
2024-11-04 20:00:00+00:00,10542.937825977293
2024-11-05 00:00:00+00:00,10542.937825977293
2024-11-05 04:00:00+00:00,10542.937825977293
2024-11-05 08:00:00+00:00,10542.937825977293
2024-11-05 12:00:00+00:00,10542.937825977293
2024-11-05 16:00:00+00:00,10542.937825977293
2024-11-05 20:00:00+00:00,10542.937825977293
2024-11-06 00:00:00+00:00,10542.937825977293
2024-11-06 04:00:00+00:00,10531.08492950662
2024-11-06 08:00:00+00:00,10541.519045739067
2024-11-06 12:00:00+00:00,10541.499942196358
2024-11-06 16:00:00+00:00,10559.648307768299
2024-11-06 20:00:00+00:00,10557.096790845455
2024-11-07 00:00:00+00:00,10550.808143380493
2024-11-07 04:00:00+00:00,10547.615463805536
2024-11-07 08:00:00+00:00,10547.332492579184
2024-11-07 12:00:00+00:00,10562.813526000615
2024-11-07 16:00:00+00:00,10567.813878304252
2024-11-07 20:00:00+00:00,10560.25006936358
2024-11-08 00:00:00+00:00,10561.040478443094
2024-11-08 04:00:00+00:00,10564.383598416873
2024-11-08 08:00:00+00:00,10561.446428725623
2024-11-08 12:00:00+00:00,10566.982874196485
2024-11-08 16:00:00+00:00,10572.39156472549
2024-11-08 20:00:00+00:00,10567.791192847288
2024-11-09 00:00:00+00:00,10566.05635237518
2024-11-09 04:00:00+00:00,10568.45145904211
2024-11-09 08:00:00+00:00,10567.829399932702
2024-11-09 12:00:00+00:00,10565.793678662954
2024-11-09 16:00:00+00:00,10564.942377041061
2024-11-09 20:00:00+00:00,10570.46568882631
2024-11-10 00:00:00+00:00,10576.537033492976
2024-11-10 04:00:00+00:00,10595.962948483466
2024-11-10 08:00:00+00:00,10608.204737444592
2024-11-10 12:00:00+00:00,10606.158270432072
2024-11-10 16:00:00+00:00,10606.824506483988
2024-11-10 20:00:00+00:00,10614.328616853702
2024-11-11 00:00:00+00:00,10628.911783767891
2024-11-11 04:00:00+00:00,10623.064905728037
2024-11-11 08:00:00+00:00,10634.818360378706
2024-11-11 12:00:00+00:00,10658.461382421834
2024-11-11 16:00:00+00:00,10683.422548911767
2024-11-11 20:00:00+00:00,10714.334468955025
2024-11-12 00:00:00+00:00,10706.916324527494
2024-11-12 04:00:00+00:00,10718.43337283716
2024-11-12 08:00:00+00:00,10696.427285609765
2024-11-12 12:00:00+00:00,10689.486729749917
2024-11-12 16:00:00+00:00,10712.79066390999
2024-11-12 20:00:00+00:00,10704.622705431198
2024-11-13 00:00:00+00:00,10695.010041535166
2024-11-13 04:00:00+00:00,10697.977060511894
2024-11-13 08:00:00+00:00,10701.844333938705
2024-11-13 12:00:00+00:00,10760.219984566551
2024-11-13 16:00:00+00:00,10731.411842163936
2024-11-13 20:00:00+00:00,10734.017087800645
2024-11-14 00:00:00+00:00,10728.887786583733
2024-11-14 04:00:00+00:00,10738.999530532994
2024-11-14 08:00:00+00:00,10747.359718410278
2024-11-14 12:00:00+00:00,10704.608377774168
2024-11-14 16:00:00+00:00,10722.584811461742
2024-11-14 20:00:00+00:00,10697.574692143622
2024-11-15 00:00:00+00:00,10707.926424348143
2024-11-15 04:00:00+00:00,10701.23421454349
2024-11-15 08:00:00+00:00,10726.15359203375
2024-11-15 12:00:00+00:00,10710.780016040046
2024-11-15 16:00:00+00:00,10733.459503147875
2024-11-15 20:00:00+00:00,10741.639401340859
2024-11-16 00:00:00+00:00,10743.972421493989
2024-11-16 04:00:00+00:00,10742.71994547524
2024-11-16 08:00:00+00:00,10743.592738582682
2024-11-16 12:00:00+00:00,10735.69342367321
2024-11-16 16:00:00+00:00,10742.827402902969
2024-11-16 20:00:00+00:00,10736.336974268163
2024-11-17 00:00:00+00:00,10731.986142416574
2024-11-17 04:00:00+00:00,10735.885653071702
2024-11-17 08:00:00+00:00,10737.779291742565
2024-11-17 12:00:00+00:00,10732.74431426777
2024-11-17 16:00:00+00:00,10730.402936314706
2024-11-17 20:00:00+00:00,10728.030515104743
2024-11-18 00:00:00+00:00,10737.460501373636
2024-11-18 04:00:00+00:00,10750.267038816046
2025-01-07 08:00:00+00:00,10858.827696135982
2025-01-07 12:00:00+00:00,10824.635936604165
2025-01-07 16:00:00+00:00,10806.486377060806
2025-01-07 20:00:00+00:00,10812.39295367162
2025-01-08 00:00:00+00:00,10807.073810999056
2025-01-08 04:00:00+00:00,10796.71252702318
2025-01-08 08:00:00+00:00,10767.692712416201
2025-01-08 12:00:00+00:00,10767.692712416201
2025-01-08 16:00:00+00:00,10767.692712416201
2025-01-08 20:00:00+00:00,10767.692712416201
2025-01-09 00:00:00+00:00,10767.692712416201
2025-01-09 04:00:00+00:00,10767.692712416201
2025-01-09 08:00:00+00:00,10767.692712416201
2025-01-09 12:00:00+00:00,10767.692712416201
2025-01-09 16:00:00+00:00,10767.692712416201
2025-01-09 20:00:00+00:00,10767.692712416201
2025-01-10 00:00:00+00:00,10767.692712416201
2025-01-10 04:00:00+00:00,10767.692712416201
2025-01-10 08:00:00+00:00,10767.692712416201
2025-01-10 12:00:00+00:00,10767.692712416201
2025-01-10 16:00:00+00:00,10767.692712416201
2025-01-10 20:00:00+00:00,10767.692712416201
2025-01-11 00:00:00+00:00,10767.692712416201
2025-01-11 04:00:00+00:00,10767.692712416201
2025-01-11 08:00:00+00:00,10767.692712416201
2025-01-11 12:00:00+00:00,10767.692712416201
2025-01-11 16:00:00+00:00,10767.692712416201
2025-01-11 20:00:00+00:00,10767.692712416201
2025-01-12 00:00:00+00:00,10767.692712416201
2025-01-12 04:00:00+00:00,10767.692712416201
2025-01-12 08:00:00+00:00,10767.692712416201
2025-01-12 12:00:00+00:00,10767.692712416201
2025-01-12 16:00:00+00:00,10767.692712416201
2025-01-12 20:00:00+00:00,10767.692712416201
2025-01-13 00:00:00+00:00,10767.692712416201
2025-01-13 04:00:00+00:00,10767.692712416201
2025-01-13 08:00:00+00:00,10767.692712416201
2025-01-13 12:00:00+00:00,10767.692712416201
2025-01-13 16:00:00+00:00,10767.692712416201
2025-01-13 20:00:00+00:00,10767.692712416201
2025-01-14 00:00:00+00:00,10767.692712416201
2025-01-14 04:00:00+00:00,10767.692712416201
2025-01-14 08:00:00+00:00,10767.692712416201
2025-01-14 12:00:00+00:00,10767.692712416201
2025-01-14 16:00:00+00:00,10767.692712416201
2025-01-14 20:00:00+00:00,10767.692712416201
2025-01-15 00:00:00+00:00,10767.692712416201
2025-01-15 04:00:00+00:00,10767.692712416201
2025-01-15 08:00:00+00:00,10767.692712416201
2025-01-15 12:00:00+00:00,10767.692712416201
2025-01-15 16:00:00+00:00,10767.692712416201
2025-01-15 20:00:00+00:00,10767.692712416201
2025-01-16 00:00:00+00:00,10767.692712416201
2025-01-16 04:00:00+00:00,10767.692712416201
2025-01-16 08:00:00+00:00,10767.692712416201
2025-01-16 12:00:00+00:00,10767.692712416201
2025-01-16 16:00:00+00:00,10767.692712416201
2025-01-16 20:00:00+00:00,10767.692712416201
2025-01-17 00:00:00+00:00,10767.692712416201
2025-01-17 04:00:00+00:00,10772.071042716134
2025-01-17 08:00:00+00:00,10781.168916667788
2025-01-17 12:00:00+00:00,10801.494078415293
2025-01-17 16:00:00+00:00,10822.879277317694
2025-01-17 20:00:00+00:00,10802.842473694924
2025-01-18 00:00:00+00:00,10797.044957713411
2025-01-18 04:00:00+00:00,10788.073167476217
2025-01-18 08:00:00+00:00,10797.014604226599
2025-01-18 12:00:00+00:00,10808.26757574206
2025-01-18 16:00:00+00:00,10806.266580495925
2025-01-18 20:00:00+00:00,10808.184687374222
2025-01-19 00:00:00+00:00,10813.280570833605
2025-01-19 04:00:00+00:00,10815.397142817994
2025-01-19 08:00:00+00:00,10805.773920056094
2025-01-19 12:00:00+00:00,10813.0529196825
2025-01-19 16:00:00+00:00,10827.734667766164
2025-01-19 20:00:00+00:00,10772.274040258108
2025-01-20 00:00:00+00:00,10772.274040258108
2025-01-20 04:00:00+00:00,10772.274040258108
2025-01-20 08:00:00+00:00,10779.804419319627
2025-01-20 12:00:00+00:00,10755.569427760722
2025-01-20 16:00:00+00:00,10726.621689172953
2025-01-20 20:00:00+00:00,10726.621689172953
2025-01-21 00:00:00+00:00,10726.621689172953
2025-01-21 04:00:00+00:00,10726.621689172953
2025-01-21 08:00:00+00:00,10726.621689172953
2025-01-21 12:00:00+00:00,10726.621689172953
2025-01-21 16:00:00+00:00,10726.621689172953
2025-01-21 20:00:00+00:00,10726.621689172953
2025-01-22 00:00:00+00:00,10726.621689172953
2025-01-22 04:00:00+00:00,10726.621689172953
2025-01-22 08:00:00+00:00,10726.621689172953
2025-01-22 12:00:00+00:00,10726.621689172953
2025-01-22 16:00:00+00:00,10726.621689172953
2025-01-22 20:00:00+00:00,10726.621689172953
2025-01-23 00:00:00+00:00,10726.621689172953
2025-01-23 04:00:00+00:00,10726.621689172953
2025-01-23 08:00:00+00:00,10726.621689172953
2025-01-23 12:00:00+00:00,10726.621689172953
2025-01-23 16:00:00+00:00,10726.621689172953
2025-01-23 20:00:00+00:00,10726.621689172953
2025-01-24 00:00:00+00:00,10726.621689172953
2025-01-24 04:00:00+00:00,10726.621689172953
2025-01-24 08:00:00+00:00,10726.621689172953
2025-01-24 12:00:00+00:00,10726.621689172953
2025-01-24 16:00:00+00:00,10726.621689172953
2025-01-24 20:00:00+00:00,10726.621689172953
2025-01-25 00:00:00+00:00,10726.621689172953
2025-01-25 04:00:00+00:00,10726.621689172953
2025-01-25 08:00:00+00:00,10726.621689172953
2025-01-25 12:00:00+00:00,10726.621689172953
2025-01-25 16:00:00+00:00,10726.621689172953
2025-01-25 20:00:00+00:00,10726.621689172953
2025-01-26 00:00:00+00:00,10726.621689172953
2025-01-26 04:00:00+00:00,10726.621689172953
2025-01-26 08:00:00+00:00,10726.621689172953
2025-01-26 12:00:00+00:00,10726.621689172953
2025-01-26 16:00:00+00:00,10726.621689172953
2025-01-26 20:00:00+00:00,10726.621689172953
2025-01-27 00:00:00+00:00,10726.621689172953
2025-01-27 04:00:00+00:00,10726.621689172953
2025-01-27 08:00:00+00:00,10726.621689172953
2025-01-27 12:00:00+00:00,10726.621689172953
2025-01-27 16:00:00+00:00,10726.621689172953
2025-01-27 20:00:00+00:00,10726.621689172953
2025-01-28 00:00:00+00:00,10726.621689172953
2025-01-28 04:00:00+00:00,10726.621689172953
2025-01-28 08:00:00+00:00,10726.621689172953
2025-01-28 12:00:00+00:00,10726.621689172953
2025-01-28 16:00:00+00:00,10726.621689172953
2025-01-28 20:00:00+00:00,10726.621689172953
2025-01-29 00:00:00+00:00,10726.621689172953
2025-01-29 04:00:00+00:00,10726.621689172953
2025-01-29 08:00:00+00:00,10726.621689172953
2025-01-29 12:00:00+00:00,10726.621689172953
2025-01-29 16:00:00+00:00,10726.621689172953
2025-01-29 20:00:00+00:00,10726.621689172953
2025-01-30 00:00:00+00:00,10726.621689172953
2025-01-30 04:00:00+00:00,10726.621689172953
2025-01-30 08:00:00+00:00,10726.621689172953
2025-01-30 12:00:00+00:00,10726.621689172953
2025-01-30 16:00:00+00:00,10726.621689172953
2025-01-30 20:00:00+00:00,10726.621689172953
2025-01-31 00:00:00+00:00,10726.621689172953
2025-01-31 04:00:00+00:00,10726.621689172953
2025-01-31 08:00:00+00:00,10726.621689172953
2025-01-31 12:00:00+00:00,10726.621689172953
2025-01-31 16:00:00+00:00,10726.621689172953
2025-01-31 20:00:00+00:00,10726.621689172953
2025-02-01 00:00:00+00:00,10726.621689172953
2025-02-01 04:00:00+00:00,10726.621689172953
2025-02-01 08:00:00+00:00,10726.621689172953
2025-02-01 12:00:00+00:00,10726.621689172953
2025-02-01 16:00:00+00:00,10726.621689172953
2025-02-01 20:00:00+00:00,10726.621689172953
2025-02-02 00:00:00+00:00,10726.621689172953
2025-02-02 04:00:00+00:00,10726.621689172953
2025-02-02 08:00:00+00:00,10726.621689172953
2025-02-02 12:00:00+00:00,10726.621689172953
2025-02-02 16:00:00+00:00,10726.621689172953
2025-02-02 20:00:00+00:00,10726.621689172953
2025-02-03 00:00:00+00:00,10726.621689172953
2025-02-03 04:00:00+00:00,10726.621689172953
2025-02-03 08:00:00+00:00,10726.621689172953
2025-02-03 12:00:00+00:00,10726.621689172953
2025-02-03 16:00:00+00:00,10726.621689172953
2025-02-03 20:00:00+00:00,10726.621689172953
2025-02-04 00:00:00+00:00,10726.621689172953
2025-02-04 04:00:00+00:00,10726.621689172953
2025-02-04 08:00:00+00:00,10726.621689172953
2025-02-04 12:00:00+00:00,10726.621689172953
2025-02-04 16:00:00+00:00,10726.621689172953
2025-02-04 20:00:00+00:00,10726.621689172953
2025-02-05 00:00:00+00:00,10726.621689172953
2025-02-05 04:00:00+00:00,10726.621689172953
2025-02-05 08:00:00+00:00,10726.621689172953
2025-02-05 12:00:00+00:00,10726.621689172953
2025-02-05 16:00:00+00:00,10726.621689172953
2025-02-05 20:00:00+00:00,10726.621689172953
2025-02-06 00:00:00+00:00,10726.621689172953
2025-02-06 04:00:00+00:00,10726.621689172953
2025-02-06 08:00:00+00:00,10726.621689172953
2025-02-06 12:00:00+00:00,10726.621689172953
2025-02-06 16:00:00+00:00,10726.621689172953
2025-02-06 20:00:00+00:00,10726.621689172953
2025-02-07 00:00:00+00:00,10726.621689172953
2025-02-07 04:00:00+00:00,10726.621689172953
2025-02-07 08:00:00+00:00,10726.621689172953
2025-02-07 12:00:00+00:00,10726.621689172953
2025-02-07 16:00:00+00:00,10726.621689172953
2025-02-07 20:00:00+00:00,10726.621689172953
2025-02-08 00:00:00+00:00,10726.621689172953
2025-02-08 04:00:00+00:00,10726.621689172953
2025-02-08 08:00:00+00:00,10726.621689172953
2025-02-08 12:00:00+00:00,10726.621689172953
2025-02-08 16:00:00+00:00,10726.621689172953
2025-02-08 20:00:00+00:00,10726.621689172953
2025-02-09 00:00:00+00:00,10726.621689172953
2025-02-09 04:00:00+00:00,10726.621689172953
2025-02-09 08:00:00+00:00,10726.621689172953
2025-02-09 12:00:00+00:00,10726.621689172953
2025-03-31 16:00:00+00:00,10726.621689172953
2025-03-31 20:00:00+00:00,10726.621689172953
2025-04-01 00:00:00+00:00,10726.621689172953
2025-04-01 04:00:00+00:00,10726.621689172953
2025-04-01 08:00:00+00:00,10726.621689172953
2025-04-01 12:00:00+00:00,10726.621689172953
2025-04-01 16:00:00+00:00,10726.621689172953
2025-04-01 20:00:00+00:00,10726.621689172953
2025-04-02 00:00:00+00:00,10726.621689172953
2025-04-02 04:00:00+00:00,10726.621689172953
2025-04-02 08:00:00+00:00,10726.621689172953
2025-04-02 12:00:00+00:00,10726.621689172953
2025-04-02 16:00:00+00:00,10726.621689172953
2025-04-02 20:00:00+00:00,10726.621689172953
2025-04-03 00:00:00+00:00,10726.621689172953
2025-04-03 04:00:00+00:00,10726.621689172953
2025-04-03 08:00:00+00:00,10726.621689172953
2025-04-03 12:00:00+00:00,10726.621689172953
2025-04-03 16:00:00+00:00,10726.621689172953
2025-04-03 20:00:00+00:00,10726.621689172953
2025-04-04 00:00:00+00:00,10726.621689172953
2025-04-04 04:00:00+00:00,10726.621689172953
2025-04-04 08:00:00+00:00,10726.621689172953
2025-04-04 12:00:00+00:00,10726.621689172953
2025-04-04 16:00:00+00:00,10726.621689172953
2025-04-04 20:00:00+00:00,10726.621689172953
2025-04-05 00:00:00+00:00,10726.621689172953
2025-04-05 04:00:00+00:00,10726.621689172953
2025-04-05 08:00:00+00:00,10726.621689172953
2025-04-05 12:00:00+00:00,10726.621689172953
2025-04-05 16:00:00+00:00,10726.621689172953
2025-04-05 20:00:00+00:00,10726.621689172953
2025-04-06 00:00:00+00:00,10726.621689172953
2025-04-06 04:00:00+00:00,10726.621689172953
2025-04-06 08:00:00+00:00,10726.621689172953
2025-04-06 12:00:00+00:00,10726.621689172953
2025-04-06 16:00:00+00:00,10726.621689172953
2025-04-06 20:00:00+00:00,10726.621689172953
2025-04-07 00:00:00+00:00,10726.621689172953
2025-04-07 04:00:00+00:00,10726.621689172953
2025-04-07 08:00:00+00:00,10726.621689172953
2025-04-07 12:00:00+00:00,10726.621689172953
2025-04-07 16:00:00+00:00,10726.621689172953
2025-04-07 20:00:00+00:00,10726.621689172953
2025-04-08 00:00:00+00:00,10726.621689172953
2025-04-08 04:00:00+00:00,10726.621689172953
2025-04-08 08:00:00+00:00,10726.621689172953
2025-04-08 12:00:00+00:00,10726.621689172953
2025-04-08 16:00:00+00:00,10726.621689172953
2025-04-08 20:00:00+00:00,10726.621689172953
2025-04-09 00:00:00+00:00,10726.621689172953
2025-04-09 04:00:00+00:00,10726.621689172953
2025-04-09 08:00:00+00:00,10726.621689172953
2025-04-09 12:00:00+00:00,10726.621689172953
2025-04-09 16:00:00+00:00,10726.621689172953
2025-04-09 20:00:00+00:00,10726.621689172953
2025-04-10 00:00:00+00:00,10726.621689172953
2025-04-10 04:00:00+00:00,10726.621689172953
2025-04-10 08:00:00+00:00,10726.621689172953
2025-04-10 12:00:00+00:00,10726.621689172953
2025-04-10 16:00:00+00:00,10726.621689172953
2025-04-10 20:00:00+00:00,10726.621689172953
2025-04-11 00:00:00+00:00,10726.621689172953
2025-04-11 04:00:00+00:00,10726.621689172953
2025-04-11 08:00:00+00:00,10726.621689172953
2025-04-11 12:00:00+00:00,10726.621689172953
2025-04-11 16:00:00+00:00,10726.621689172953
2025-04-11 20:00:00+00:00,10726.621689172953
2025-04-12 00:00:00+00:00,10726.621689172953
2025-04-12 04:00:00+00:00,10726.621689172953
2025-04-12 08:00:00+00:00,10726.621689172953
2025-04-12 12:00:00+00:00,10726.621689172953
2025-04-12 16:00:00+00:00,10725.4552719038
2025-04-12 20:00:00+00:00,10729.013880598339
2025-04-13 00:00:00+00:00,10730.886776247313
2025-04-13 04:00:00+00:00,10719.979913350346
2025-04-13 08:00:00+00:00,10721.216388147726
2025-04-13 12:00:00+00:00,10713.806096282455
2025-04-13 16:00:00+00:00,10715.274677508063
2025-04-13 20:00:00+00:00,10713.000676280355
2025-04-14 00:00:00+00:00,10721.803606714995
2025-04-14 04:00:00+00:00,10722.032504298593
2025-04-14 08:00:00+00:00,10725.643524122086
2025-04-14 12:00:00+00:00,10716.630949171627
2025-04-14 16:00:00+00:00,10724.92260369524
2025-04-14 20:00:00+00:00,10721.802537100119
2025-04-15 00:00:00+00:00,10730.446094918141
2025-04-15 04:00:00+00:00,10733.470965789244
2025-04-15 08:00:00+00:00,10732.490128947376
2025-04-15 12:00:00+00:00,10725.485221120345
2025-04-15 16:00:00+00:00,10715.554916605739
2025-04-15 20:00:00+00:00,10711.809125307791
2025-04-16 00:00:00+00:00,10712.240180103072
2025-04-16 04:00:00+00:00,10708.741469841625
2025-04-16 08:00:00+00:00,10716.011642158059
2025-04-16 12:00:00+00:00,10724.346081276737
2025-04-16 16:00:00+00:00,10719.211929868929
2025-04-16 20:00:00+00:00,10715.872592224097
2025-04-17 00:00:00+00:00,10715.481113179252
2025-04-17 04:00:00+00:00,10722.666785920434
2025-04-17 08:00:00+00:00,10721.6752529298
2025-04-17 12:00:00+00:00,10721.257033513039
2025-04-17 16:00:00+00:00,10724.54502964379
2025-04-17 20:00:00+00:00,10725.593252222885
2025-04-18 00:00:00+00:00,10724.477643906563
2025-04-18 04:00:00+00:00,10722.714918589882
2025-04-18 08:00:00+00:00,10722.806905469271
2025-04-18 12:00:00+00:00,10719.600200069144
2025-04-18 16:00:00+00:00,10721.57684836115
2025-04-18 20:00:00+00:00,10720.533973856438
2025-04-19 00:00:00+00:00,10724.997476736604
2025-04-19 04:00:00+00:00,10728.437358179837
2025-04-19 08:00:00+00:00,10728.504743917063
2025-04-19 12:00:00+00:00,10728.090802959809
2025-04-19 16:00:00+00:00,10727.25650335604
2025-04-19 20:00:00+00:00,10727.020118468305
2025-04-20 00:00:00+00:00,10728.037322215978
2025-04-20 04:00:00+00:00,10723.906469562444
2025-04-20 08:00:00+00:00,10717.034193980115
2025-04-20 12:00:00+00:00,10719.24294870035
2025-04-20 16:00:00+00:00,10722.511691763322
2025-04-20 20:00:00+00:00,10728.175302535063
2025-04-21 00:00:00+00:00,10749.735529603235
2025-04-21 04:00:00+00:00,10752.211688042626
2025-04-21 08:00:00+00:00,10747.305364603539
2025-04-21 12:00:00+00:00,10758.519206970097
2025-04-21 16:00:00+00:00,10752.106865784717
2025-04-21 20:00:00+00:00,10753.158297208442
2025-04-22 00:00:00+00:00,10760.088331994108
2025-04-22 04:00:00+00:00,10763.323916995905
2025-04-22 08:00:00+00:00,10764.657726747058
2025-04-22 12:00:00+00:00,10789.256729679728
2025-04-22 16:00:00+00:00,10794.252900768453
2025-04-22 20:00:00+00:00,10816.42708677581
2025-04-23 00:00:00+00:00,10813.619347724663
2025-04-23 04:00:00+00:00,10823.773201748485
2025-04-23 08:00:00+00:00,10816.812148131396
2025-04-23 12:00:00+00:00,10813.863219916535
2025-04-23 16:00:00+00:00,10817.155494506793
2025-04-23 20:00:00+00:00,10819.139630102936
2025-04-24 00:00:00+00:00,10808.296944098567
2025-04-24 04:00:00+00:00,10803.326443766882
2025-04-24 08:00:00+00:00,10807.630574030429
2025-04-24 12:00:00+00:00,10813.920979119872
2025-04-24 16:00:00+00:00,10817.619707363248
2025-04-24 20:00:00+00:00,10822.211564028608
2025-04-25 00:00:00+00:00,10814.962784009707
2025-04-25 04:00:00+00:00,10819.887290901699
2025-04-25 08:00:00+00:00,10829.007896954698
2025-04-25 12:00:00+00:00,10833.463912530726
2025-04-25 16:00:00+00:00,10835.71759107578
2025-04-25 20:00:00+00:00,10829.353382559848
2025-04-26 00:00:00+00:00,10830.527819694385
2025-04-26 04:00:00+00:00,10828.46453259737
2025-04-26 08:00:00+00:00,10823.747530991446
2025-04-26 12:00:00+00:00,10826.290005553188
2025-04-26 16:00:00+00:00,10825.612939336283
2025-04-26 20:00:00+00:00,10829.087048455569
2025-04-27 00:00:00+00:00,10824.33581917359
2025-04-27 04:00:00+00:00,10823.281178905236
2025-04-27 08:00:00+00:00,10821.589048170412
2025-04-27 12:00:00+00:00,10821.445719776944
2025-04-27 16:00:00+00:00,10827.1360709206
2025-04-27 20:00:00+00:00,10819.77925979916
2025-04-28 00:00:00+00:00,10820.690571674046
2025-04-28 04:00:00+00:00,10829.935253052734
2025-04-28 08:00:00+00:00,10836.491992246458
2025-04-28 12:00:00+00:00,10820.637090930215
2025-04-28 16:00:00+00:00,10831.027329841769
2025-04-28 20:00:00+00:00,10833.299191839726
2025-04-29 00:00:00+00:00,10829.589767447584
2025-04-29 04:00:00+00:00,10832.309798078846
2025-04-29 08:00:00+00:00,10834.543153941242
2025-04-29 12:00:00+00:00,10831.441270799025
2025-04-29 16:00:00+00:00,10836.280208500884
2025-04-29 20:00:00+00:00,10825.148726479827
2025-04-30 00:00:00+00:00,10833.514184429927
2025-04-30 04:00:00+00:00,10828.981156582782
2025-04-30 08:00:00+00:00,10835.024480635726
2025-04-30 12:00:00+00:00,10822.62015691148
2025-04-30 16:00:00+00:00,10824.280199200006
2025-04-30 20:00:00+00:00,10824.273781510747
2025-05-01 00:00:00+00:00,10830.685053081248
2025-05-01 04:00:00+00:00,10833.23715417688
2025-05-01 08:00:00+00:00,10845.631851367236
2025-05-01 12:00:00+00:00,10852.80682795965
2025-05-01 16:00:00+00:00,10849.253567339494
2025-05-01 20:00:00+00:00,10849.249288879988
2025-05-02 00:00:00+00:00,10855.78142693155
2025-05-02 04:00:00+00:00,10847.65021463943
2025-05-02 08:00:00+00:00,10853.634709874159
2025-05-02 12:00:00+00:00,10857.488532274647
2025-05-02 16:00:00+00:00,10853.448596885626
2025-05-02 20:00:00+00:00,10853.392976912042
2025-05-03 00:00:00+00:00,10847.538974692261
2025-05-03 04:00:00+00:00,10847.395646298794
2025-05-03 08:00:00+00:00,10843.126813326175
2025-05-03 12:00:00+00:00,10848.105870576874
2025-05-03 16:00:00+00:00,10847.589246591464
2025-05-03 20:00:00+00:00,10842.244381052958
2025-06-23 00:00:00+00:00,10898.948944122465
2025-06-23 04:00:00+00:00,10907.276965551884
2025-06-23 08:00:00+00:00,10900.43143034147
2025-06-23 12:00:00+00:00,10901.824068910839
2025-06-23 16:00:00+00:00,10920.312362053339
2025-06-23 20:00:00+00:00,10943.78506052092
2025-06-24 00:00:00+00:00,10939.299095728345
2025-06-24 04:00:00+00:00,10939.661695171522
2025-06-24 08:00:00+00:00,10942.051214805908
2025-06-24 12:00:00+00:00,10942.648059907066
2025-06-24 16:00:00+00:00,10947.138303159147
2025-06-24 20:00:00+00:00,10951.752621736916
2025-06-25 00:00:00+00:00,10953.346347903089
2025-06-25 04:00:00+00:00,10957.248302973025
2025-06-25 08:00:00+00:00,10963.421050426039
2025-06-25 12:00:00+00:00,10961.861551935917
2025-06-25 16:00:00+00:00,10969.429077188055
2025-06-25 20:00:00+00:00,10965.040447349253
2025-06-26 00:00:00+00:00,10970.649507762286
2025-06-26 04:00:00+00:00,10970.366059819979
2025-06-26 08:00:00+00:00,10965.120668465
2025-06-26 12:00:00+00:00,10964.871448198746
2025-06-26 16:00:00+00:00,10967.02672217515
2025-06-26 20:00:00+00:00,10961.131004975181
2025-06-27 00:00:00+00:00,10966.645939279071
2025-06-27 04:00:00+00:00,10960.218623485418
2025-06-27 08:00:00+00:00,10961.243314537227
2025-06-27 12:00:00+00:00,10964.745233643303
2025-06-27 16:00:00+00:00,10959.36507081387
2025-06-27 20:00:00+00:00,10962.036968775685
2025-06-28 00:00:00+00:00,10964.713145197005
2025-06-28 04:00:00+00:00,10966.574275082336
2025-06-28 08:00:00+00:00,10965.401977177553
2025-06-28 12:00:00+00:00,10966.231998321815
2025-06-28 16:00:00+00:00,10963.986876695775
2025-06-28 20:00:00+00:00,10964.529171438226
2025-06-29 00:00:00+00:00,10963.837130613048
2025-06-29 04:00:00+00:00,10965.604134389236
2025-06-29 08:00:00+00:00,10977.162392746068
2025-06-29 12:00:00+00:00,10969.540317135223
2025-06-29 16:00:00+00:00,10965.776342384373
2025-06-29 20:00:00+00:00,10975.777241480835
2025-06-30 00:00:00+00:00,10977.521783344615
2025-06-30 04:00:00+00:00,10968.342348473401
2025-06-30 08:00:00+00:00,10968.439683427174
2025-06-30 12:00:00+00:00,10967.701649162302
2025-06-30 16:00:00+00:00,10969.57026635177
2025-06-30 20:00:00+00:00,10963.065938287
2025-07-01 00:00:00+00:00,10963.922699803177
2025-07-01 04:00:00+00:00,10963.55689151537
2025-07-01 08:00:00+00:00,10957.358473305318
2025-07-01 12:00:00+00:00,10935.228942542484
2025-07-01 16:00:00+00:00,10935.228942542484
2025-07-01 20:00:00+00:00,10935.228942542484
2025-07-02 00:00:00+00:00,10935.228942542484
2025-07-02 04:00:00+00:00,10935.228942542484
2025-07-02 08:00:00+00:00,10935.228942542484
2025-07-02 12:00:00+00:00,10935.228942542484
2025-07-02 16:00:00+00:00,10935.228942542484
2025-07-02 20:00:00+00:00,10919.791365198042
2025-07-03 00:00:00+00:00,10915.859266195945
2025-07-03 04:00:00+00:00,10928.207602017575
2025-07-03 08:00:00+00:00,10933.59421967306
2025-07-03 12:00:00+00:00,10924.908557766175
2025-07-03 16:00:00+00:00,10937.230516306527
2025-07-03 20:00:00+00:00,10933.362476416109
2025-07-04 00:00:00+00:00,10927.316426728648
2025-07-04 04:00:00+00:00,10917.519150825005
2025-07-04 08:00:00+00:00,10920.676888212409
2025-07-04 12:00:00+00:00,10896.588778130086
2025-07-04 16:00:00+00:00,10894.229895547132
2025-07-04 20:00:00+00:00,10903.450639445677
2025-07-05 00:00:00+00:00,10906.768524612276
2025-07-05 04:00:00+00:00,10904.793996699387
2025-07-05 08:00:00+00:00,10905.943292526546
2025-07-05 12:00:00+00:00,10904.72993758771
2025-07-05 16:00:00+00:00,10906.502867707966
2025-07-05 20:00:00+00:00,10907.603177155604
2025-07-06 00:00:00+00:00,10904.75443077747
2025-07-06 04:00:00+00:00,10904.871244451704
2025-07-06 08:00:00+00:00,10898.492969051233
2025-07-06 12:00:00+00:00,10898.492969051233
2025-07-06 16:00:00+00:00,10898.492969051233
2025-07-06 20:00:00+00:00,10898.492969051233
2025-07-07 00:00:00+00:00,10898.492969051233
2025-07-07 04:00:00+00:00,10898.492969051233
2025-07-07 08:00:00+00:00,10898.492969051233
2025-07-07 12:00:00+00:00,10898.492969051233
2025-07-07 16:00:00+00:00,10898.492969051233
2025-07-07 20:00:00+00:00,10898.492969051233
2025-07-08 00:00:00+00:00,10898.492969051233
2025-07-08 04:00:00+00:00,10898.492969051233
2025-07-08 08:00:00+00:00,10898.492969051233
2025-07-08 12:00:00+00:00,10898.492969051233
2025-07-08 16:00:00+00:00,10898.492969051233
2025-07-08 20:00:00+00:00,10898.492969051233
2025-07-09 00:00:00+00:00,10898.492969051233
2025-07-09 04:00:00+00:00,10898.492969051233
2025-07-09 08:00:00+00:00,10898.492969051233
2025-07-09 12:00:00+00:00,10898.492969051233
2025-07-09 16:00:00+00:00,10898.492969051233
2025-07-09 20:00:00+00:00,10888.392125022268
2025-07-10 00:00:00+00:00,10885.39675683347
2025-07-10 04:00:00+00:00,10888.341873189263
2025-07-10 08:00:00+00:00,10884.71476767125
2025-07-10 12:00:00+00:00,10891.193664712331
2025-07-10 16:00:00+00:00,10924.93956528392
2025-07-10 20:00:00+00:00,10974.775025958912
2025-07-11 00:00:00+00:00,10989.863138818848
2025-07-11 04:00:00+00:00,11001.889479282083
2025-07-11 08:00:00+00:00,11006.365481836225
2025-07-11 12:00:00+00:00,10990.821513062598
2025-07-11 16:00:00+00:00,11011.318876803922
2025-07-11 20:00:00+00:00,11001.377987410418
2025-07-12 00:00:00+00:00,11005.505816550165
2025-07-12 04:00:00+00:00,11005.046371219829
2025-07-12 08:00:00+00:00,11006.365481836225
2025-07-12 12:00:00+00:00,10994.170438790756
2025-07-12 16:00:00+00:00,11002.051003031029
2025-07-12 20:00:00+00:00,10999.832743545496
2025-07-13 00:00:00+00:00,11005.457359425482
2025-07-13 04:00:00+00:00,11009.61928802334
2025-07-13 08:00:00+00:00,11011.2506778877
2025-07-13 12:00:00+00:00,11021.963291859503
2025-07-13 16:00:00+00:00,11027.329469741173
2025-07-13 20:00:00+00:00,11029.134946312732
2025-07-14 00:00:00+00:00,11059.522947614552
2025-07-14 04:00:00+00:00,11093.475239643129
2025-07-14 08:00:00+00:00,11071.655175868766
2025-07-14 12:00:00+00:00,11044.002310049105
2025-07-14 16:00:00+00:00,11044.610716170138
2025-07-14 20:00:00+00:00,11042.566543391802
2025-07-15 00:00:00+00:00,11021.732051648147
2025-07-15 04:00:00+00:00,11021.732051648147
2025-07-15 08:00:00+00:00,11021.732051648147
2025-07-15 12:00:00+00:00,11021.732051648147
2025-07-15 16:00:00+00:00,11021.732051648147
2025-07-15 20:00:00+00:00,11021.732051648147
2025-07-16 00:00:00+00:00,11021.732051648147
2025-07-16 04:00:00+00:00,11021.732051648147
2025-07-16 08:00:00+00:00,11021.732051648147
2025-07-16 12:00:00+00:00,11021.732051648147
2025-07-16 16:00:00+00:00,11021.732051648147
2025-07-16 20:00:00+00:00,11021.732051648147
2025-07-17 00:00:00+00:00,11021.732051648147
2025-07-17 04:00:00+00:00,11021.732051648147
2025-07-17 08:00:00+00:00,11021.732051648147
2025-07-17 12:00:00+00:00,11021.732051648147
2025-07-17 16:00:00+00:00,11021.732051648147
2025-07-17 20:00:00+00:00,11021.732051648147
2025-07-18 00:00:00+00:00,11021.732051648147
2025-07-18 04:00:00+00:00,11021.732051648147
2025-07-18 08:00:00+00:00,11021.732051648147
2025-07-18 12:00:00+00:00,11021.732051648147
2025-07-18 16:00:00+00:00,11021.732051648147
2025-07-18 20:00:00+00:00,11021.732051648147
2025-07-19 00:00:00+00:00,11021.732051648147
2025-07-19 04:00:00+00:00,11021.732051648147
2025-07-19 08:00:00+00:00,11021.732051648147
2025-07-19 12:00:00+00:00,11021.732051648147
2025-07-19 16:00:00+00:00,11021.732051648147
2025-07-19 20:00:00+00:00,11021.732051648147
2025-07-20 00:00:00+00:00,11021.732051648147
2025-07-20 04:00:00+00:00,11021.732051648147
2025-07-20 08:00:00+00:00,11021.732051648147
2025-07-20 12:00:00+00:00,11021.732051648147
2025-07-20 16:00:00+00:00,11021.732051648147
2025-07-20 20:00:00+00:00,11021.732051648147
2025-07-21 00:00:00+00:00,11021.732051648147
2025-07-21 04:00:00+00:00,11021.732051648147
2025-07-21 08:00:00+00:00,11021.732051648147
2025-07-21 12:00:00+00:00,11021.732051648147
2025-07-21 16:00:00+00:00,11021.732051648147
2025-07-21 20:00:00+00:00,11021.732051648147
2025-07-22 00:00:00+00:00,11021.732051648147
2025-07-22 04:00:00+00:00,11021.732051648147
2025-07-22 08:00:00+00:00,11021.732051648147
2025-07-22 12:00:00+00:00,11021.732051648147
2025-07-22 16:00:00+00:00,11021.732051648147
2025-07-22 20:00:00+00:00,11021.732051648147
2025-07-23 00:00:00+00:00,11021.732051648147
2025-07-23 04:00:00+00:00,11021.732051648147
2025-07-23 08:00:00+00:00,11021.732051648147
2025-07-23 12:00:00+00:00,11021.732051648147
2025-07-23 16:00:00+00:00,11021.732051648147
2025-07-23 20:00:00+00:00,11021.732051648147
2025-07-24 00:00:00+00:00,11021.732051648147
2025-07-24 04:00:00+00:00,11021.732051648147
2025-07-24 08:00:00+00:00,11021.732051648147
2025-07-24 12:00:00+00:00,11021.732051648147
2025-07-24 16:00:00+00:00,11021.732051648147
2025-07-24 20:00:00+00:00,11021.732051648147
2025-07-25 00:00:00+00:00,11021.732051648147
2025-07-25 04:00:00+00:00,11021.732051648147
2025-07-25 08:00:00+00:00,11021.732051648147
2025-07-25 12:00:00+00:00,11021.732051648147
2025-07-25 16:00:00+00:00,11021.732051648147
2025-07-25 20:00:00+00:00,11021.732051648147
2025-07-26 00:00:00+00:00,11021.732051648147
2025-07-26 04:00:00+00:00,11021.732051648147
2025-09-14 08:00:00+00:00,11021.732051648147
2025-09-14 12:00:00+00:00,11021.732051648147
2025-09-14 16:00:00+00:00,11021.732051648147
2025-09-14 20:00:00+00:00,11021.732051648147
2025-09-15 00:00:00+00:00,11021.732051648147
2025-09-15 04:00:00+00:00,11021.732051648147
2025-09-15 08:00:00+00:00,11021.732051648147
2025-09-15 12:00:00+00:00,11021.732051648147
2025-09-15 16:00:00+00:00,11021.732051648147
2025-09-15 20:00:00+00:00,11021.732051648147
2025-09-16 00:00:00+00:00,11021.732051648147
2025-09-16 04:00:00+00:00,11021.732051648147
2025-09-16 08:00:00+00:00,11021.732051648147
2025-09-16 12:00:00+00:00,11021.732051648147
2025-09-16 16:00:00+00:00,11021.732051648147
2025-09-16 20:00:00+00:00,11021.732051648147
2025-09-17 00:00:00+00:00,11021.732051648147
2025-09-17 04:00:00+00:00,11021.732051648147
2025-09-17 08:00:00+00:00,11021.732051648147
2025-09-17 12:00:00+00:00,11021.732051648147
2025-09-17 16:00:00+00:00,11021.732051648147
2025-09-17 20:00:00+00:00,11021.732051648147
2025-09-18 00:00:00+00:00,11021.732051648147
2025-09-18 04:00:00+00:00,11021.732051648147
2025-09-18 08:00:00+00:00,11021.732051648147
2025-09-18 12:00:00+00:00,11021.732051648147
2025-09-18 16:00:00+00:00,11021.732051648147
2025-09-18 20:00:00+00:00,11021.732051648147
2025-09-19 00:00:00+00:00,11021.732051648147
2025-09-19 04:00:00+00:00,11021.732051648147
2025-09-19 08:00:00+00:00,11021.732051648147
2025-09-19 12:00:00+00:00,11021.732051648147
2025-09-19 16:00:00+00:00,11021.732051648147
2025-09-19 20:00:00+00:00,11021.732051648147
2025-09-20 00:00:00+00:00,11021.732051648147
2025-09-20 04:00:00+00:00,11021.732051648147
2025-09-20 08:00:00+00:00,11021.732051648147
2025-09-20 12:00:00+00:00,11021.732051648147
2025-09-20 16:00:00+00:00,11021.732051648147
2025-09-20 20:00:00+00:00,11021.732051648147
2025-09-21 00:00:00+00:00,11021.732051648147
2025-09-21 04:00:00+00:00,11021.732051648147
2025-09-21 08:00:00+00:00,11021.732051648147
2025-09-21 12:00:00+00:00,11021.732051648147
2025-09-21 16:00:00+00:00,11021.732051648147
2025-09-21 20:00:00+00:00,11021.732051648147
2025-09-22 00:00:00+00:00,11021.732051648147
2025-09-22 04:00:00+00:00,11021.732051648147
2025-09-22 08:00:00+00:00,11021.732051648147
2025-09-22 12:00:00+00:00,11021.732051648147
2025-09-22 16:00:00+00:00,11021.732051648147
2025-09-22 20:00:00+00:00,11021.732051648147
2025-09-23 00:00:00+00:00,11021.732051648147
2025-09-23 04:00:00+00:00,11021.732051648147
2025-09-23 08:00:00+00:00,11021.732051648147
2025-09-23 12:00:00+00:00,11021.732051648147
2025-09-23 16:00:00+00:00,11021.732051648147
2025-09-23 20:00:00+00:00,11021.732051648147
2025-09-24 00:00:00+00:00,11021.732051648147
2025-09-24 04:00:00+00:00,11021.732051648147
2025-09-24 08:00:00+00:00,11021.732051648147
2025-09-24 12:00:00+00:00,11021.732051648147
2025-09-24 16:00:00+00:00,11021.732051648147
2025-09-24 20:00:00+00:00,11021.732051648147
2025-09-25 00:00:00+00:00,11021.732051648147
2025-09-25 04:00:00+00:00,11021.732051648147
2025-09-25 08:00:00+00:00,11021.732051648147
2025-09-25 12:00:00+00:00,11021.732051648147
2025-09-25 16:00:00+00:00,11021.732051648147
2025-09-25 20:00:00+00:00,11021.732051648147
2025-09-26 00:00:00+00:00,11021.732051648147
2025-09-26 04:00:00+00:00,11021.732051648147
2025-09-26 08:00:00+00:00,11021.732051648147
2025-09-26 12:00:00+00:00,11021.732051648147
2025-09-26 16:00:00+00:00,11021.732051648147
2025-09-26 20:00:00+00:00,11021.732051648147
2025-09-27 00:00:00+00:00,11021.732051648147
2025-09-27 04:00:00+00:00,11021.732051648147
2025-09-27 08:00:00+00:00,11021.732051648147
2025-09-27 12:00:00+00:00,11021.732051648147
2025-09-27 16:00:00+00:00,11021.732051648147
2025-09-27 20:00:00+00:00,11021.732051648147
2025-09-28 00:00:00+00:00,11021.732051648147
2025-09-28 04:00:00+00:00,11021.732051648147
2025-09-28 08:00:00+00:00,11021.732051648147
2025-09-28 12:00:00+00:00,11021.732051648147
2025-09-28 16:00:00+00:00,11021.732051648147
2025-09-28 20:00:00+00:00,11021.732051648147
2025-09-29 00:00:00+00:00,11021.732051648147
2025-09-29 04:00:00+00:00,11021.732051648147
2025-09-29 08:00:00+00:00,11021.732051648147
2025-09-29 12:00:00+00:00,11021.732051648147
2025-09-29 16:00:00+00:00,11021.732051648147
2025-09-29 20:00:00+00:00,11021.732051648147
2025-09-30 00:00:00+00:00,11021.732051648147
2025-09-30 04:00:00+00:00,11021.732051648147
2025-09-30 08:00:00+00:00,11021.732051648147
2025-09-30 12:00:00+00:00,11021.732051648147
2025-09-30 16:00:00+00:00,11021.732051648147
2025-09-30 20:00:00+00:00,11021.732051648147
2025-10-01 00:00:00+00:00,11021.732051648147
2025-10-01 04:00:00+00:00,11021.732051648147
2025-10-01 08:00:00+00:00,11021.732051648147
2025-10-01 12:00:00+00:00,11031.434034544074
2025-10-01 16:00:00+00:00,11032.234471150137
2025-10-01 20:00:00+00:00,11052.352227949375
2025-10-02 00:00:00+00:00,11054.858627912785
2025-10-02 04:00:00+00:00,11050.8249178389
2025-10-02 08:00:00+00:00,11055.683585552733
2025-10-02 12:00:00+00:00,11075.566641027655
2025-10-02 16:00:00+00:00,11091.624415216704
2025-10-02 20:00:00+00:00,11086.11944310979
2025-10-03 00:00:00+00:00,11080.938498950627
2025-10-03 04:00:00+00:00,11070.937420130876
2025-10-03 08:00:00+00:00,11083.21370059456
2025-10-03 12:00:00+00:00,11117.050975851786
2025-10-03 16:00:00+00:00,11123.375651091384
2025-10-03 20:00:00+00:00,11116.401168453864
2025-10-04 00:00:00+00:00,11116.418683478067
2025-10-04 04:00:00+00:00,11117.940739081283
2025-10-04 08:00:00+00:00,11111.489955667423
2025-10-04 12:00:00+00:00,11108.552686108627
2025-10-04 16:00:00+00:00,11111.693129948175
2025-10-04 20:00:00+00:00,11118.848017334984
2025-10-05 00:00:00+00:00,11141.27600582656
2025-10-05 04:00:00+00:00,11159.255178170646
2025-10-05 08:00:00+00:00,11136.229927353757
2025-10-05 12:00:00+00:00,11125.071105434208
2025-10-05 16:00:00+00:00,11121.564597588826
2025-10-05 20:00:00+00:00,11137.627626285135
2025-10-06 00:00:00+00:00,11143.901507954548
2025-10-06 04:00:00+00:00,11136.193145802932
2025-10-06 08:00:00+00:00,11151.254315114847
2025-10-06 12:00:00+00:00,11166.128073667793
2025-10-06 16:00:00+00:00,11172.606881120377
2025-10-06 20:00:00+00:00,11158.612376782406
2025-10-07 00:00:00+00:00,11152.802643254367
2025-10-07 04:00:00+00:00,11141.184927700706
2025-10-07 08:00:00+00:00,11155.15491100479
2025-10-07 12:00:00+00:00,11105.195976036437
2025-10-07 16:00:00+00:00,11105.195976036437
2025-10-07 20:00:00+00:00,11105.195976036437
2025-10-08 00:00:00+00:00,11105.195976036437
2025-10-08 04:00:00+00:00,11105.195976036437
2025-10-08 08:00:00+00:00,11105.195976036437
2025-10-08 12:00:00+00:00,11105.195976036437
2025-10-08 16:00:00+00:00,11105.195976036437
2025-10-08 20:00:00+00:00,11105.195976036437
2025-10-09 00:00:00+00:00,11105.195976036437
2025-10-09 04:00:00+00:00,11105.195976036437
2025-10-09 08:00:00+00:00,11105.195976036437
2025-10-09 12:00:00+00:00,11105.195976036437
2025-10-09 16:00:00+00:00,11105.195976036437
2025-10-09 20:00:00+00:00,11105.195976036437
2025-10-10 00:00:00+00:00,11105.195976036437
2025-10-10 04:00:00+00:00,11105.195976036437
2025-10-10 08:00:00+00:00,11105.195976036437
2025-10-10 12:00:00+00:00,11105.195976036437
2025-10-10 16:00:00+00:00,11105.195976036437
2025-10-10 20:00:00+00:00,11105.195976036437
2025-10-11 00:00:00+00:00,11105.195976036437
2025-10-11 04:00:00+00:00,11105.195976036437
2025-10-11 08:00:00+00:00,11105.195976036437
2025-10-11 12:00:00+00:00,11105.195976036437
2025-10-11 16:00:00+00:00,11105.195976036437
2025-10-11 20:00:00+00:00,11105.195976036437
2025-10-12 00:00:00+00:00,11105.195976036437
2025-10-12 04:00:00+00:00,11105.195976036437
2025-10-12 08:00:00+00:00,11105.195976036437
2025-10-12 12:00:00+00:00,11105.195976036437
2025-10-12 16:00:00+00:00,11105.195976036437
2025-10-12 20:00:00+00:00,11105.195976036437
2025-10-13 00:00:00+00:00,11105.195976036437
2025-10-13 04:00:00+00:00,11105.195976036437
2025-10-13 08:00:00+00:00,11105.195976036437
2025-10-13 12:00:00+00:00,11105.195976036437
2025-10-13 16:00:00+00:00,11105.195976036437
2025-10-13 20:00:00+00:00,11105.195976036437
2025-10-14 00:00:00+00:00,11105.195976036437
2025-10-14 04:00:00+00:00,11105.195976036437
2025-10-14 08:00:00+00:00,11105.195976036437
2025-10-14 12:00:00+00:00,11105.195976036437
2025-10-14 16:00:00+00:00,11105.195976036437
2025-10-14 20:00:00+00:00,11105.195976036437
2025-10-15 00:00:00+00:00,11105.195976036437
2025-10-15 04:00:00+00:00,11105.195976036437
2025-10-15 08:00:00+00:00,11105.195976036437
2025-10-15 12:00:00+00:00,11105.195976036437
2025-10-15 16:00:00+00:00,11105.195976036437
2025-10-15 20:00:00+00:00,11105.195976036437
2025-10-16 00:00:00+00:00,11105.195976036437
2025-10-16 04:00:00+00:00,11105.195976036437
2025-10-16 08:00:00+00:00,11105.195976036437
2025-10-16 12:00:00+00:00,11105.195976036437
2025-10-16 16:00:00+00:00,11105.195976036437
2025-10-16 20:00:00+00:00,11105.195976036437
2025-10-17 00:00:00+00:00,11105.195976036437
2025-10-17 04:00:00+00:00,11105.195976036437
2025-10-17 08:00:00+00:00,11105.195976036437
2025-10-17 12:00:00+00:00,11105.195976036437
2025-12-06 16:00:00+00:00,11105.195976036437
2025-12-06 20:00:00+00:00,11105.195976036437
2025-12-07 00:00:00+00:00,11105.195976036437
2025-12-07 04:00:00+00:00,11105.195976036437
2025-12-07 08:00:00+00:00,11105.195976036437
2025-12-07 12:00:00+00:00,11105.195976036437
2025-12-07 16:00:00+00:00,11105.195976036437
2025-12-07 20:00:00+00:00,11105.195976036437
2025-12-08 00:00:00+00:00,11105.195976036437
2025-12-08 04:00:00+00:00,11105.195976036437
2025-12-08 08:00:00+00:00,11105.195976036437
2025-12-08 12:00:00+00:00,11105.195976036437
2025-12-08 16:00:00+00:00,11105.195976036437
2025-12-08 20:00:00+00:00,11105.195976036437
2025-12-09 00:00:00+00:00,11105.195976036437
2025-12-09 04:00:00+00:00,11105.195976036437
2025-12-09 08:00:00+00:00,11105.195976036437
2025-12-09 12:00:00+00:00,11105.195976036437
2025-12-09 16:00:00+00:00,11105.195976036437
2025-12-09 20:00:00+00:00,11105.195976036437
2025-12-10 00:00:00+00:00,11105.195976036437
2025-12-10 04:00:00+00:00,11105.195976036437
2025-12-10 08:00:00+00:00,11105.195976036437
2025-12-10 12:00:00+00:00,11105.195976036437
2025-12-10 16:00:00+00:00,11105.195976036437
2025-12-10 20:00:00+00:00,11105.195976036437
2025-12-11 00:00:00+00:00,11105.195976036437
2025-12-11 04:00:00+00:00,11105.195976036437
2025-12-11 08:00:00+00:00,11105.195976036437
2025-12-11 12:00:00+00:00,11105.195976036437
2025-12-11 16:00:00+00:00,11105.195976036437
2025-12-11 20:00:00+00:00,11105.195976036437
2025-12-12 00:00:00+00:00,11105.195976036437
2025-12-12 04:00:00+00:00,11105.195976036437
2025-12-12 08:00:00+00:00,11105.195976036437
2025-12-12 12:00:00+00:00,11105.195976036437
2025-12-12 16:00:00+00:00,11105.195976036437
2025-12-12 20:00:00+00:00,11105.195976036437
2025-12-13 00:00:00+00:00,11105.195976036437
2025-12-13 04:00:00+00:00,11105.195976036437
2025-12-13 08:00:00+00:00,11105.195976036437
2025-12-13 12:00:00+00:00,11105.195976036437
2025-12-13 16:00:00+00:00,11105.195976036437
2025-12-13 20:00:00+00:00,11105.195976036437
2025-12-14 00:00:00+00:00,11105.195976036437
2025-12-14 04:00:00+00:00,11105.195976036437
2025-12-14 08:00:00+00:00,11105.195976036437
2025-12-14 12:00:00+00:00,11105.195976036437
2025-12-14 16:00:00+00:00,11105.195976036437
2025-12-14 20:00:00+00:00,11105.195976036437
2025-12-15 00:00:00+00:00,11105.195976036437
2025-12-15 04:00:00+00:00,11105.195976036437
2025-12-15 08:00:00+00:00,11105.195976036437
2025-12-15 12:00:00+00:00,11105.195976036437
2025-12-15 16:00:00+00:00,11105.195976036437
2025-12-15 20:00:00+00:00,11105.195976036437
2025-12-16 00:00:00+00:00,11105.195976036437
2025-12-16 04:00:00+00:00,11105.195976036437
2025-12-16 08:00:00+00:00,11105.195976036437
2025-12-16 12:00:00+00:00,11105.195976036437
2025-12-16 16:00:00+00:00,11105.195976036437
2025-12-16 20:00:00+00:00,11105.195976036437
2025-12-17 00:00:00+00:00,11105.195976036437
2025-12-17 04:00:00+00:00,11105.195976036437
2025-12-17 08:00:00+00:00,11105.195976036437
2025-12-17 12:00:00+00:00,11105.195976036437
2025-12-17 16:00:00+00:00,11105.195976036437
2025-12-17 20:00:00+00:00,11105.195976036437
2025-12-18 00:00:00+00:00,11105.195976036437
2025-12-18 04:00:00+00:00,11105.195976036437
2025-12-18 08:00:00+00:00,11105.195976036437
2025-12-18 12:00:00+00:00,11105.195976036437
2025-12-18 16:00:00+00:00,11105.195976036437
2025-12-18 20:00:00+00:00,11105.195976036437
2025-12-19 00:00:00+00:00,11105.195976036437
2025-12-19 04:00:00+00:00,11105.195976036437
2025-12-19 08:00:00+00:00,11105.195976036437
2025-12-19 12:00:00+00:00,11105.195976036437
2025-12-19 16:00:00+00:00,11105.195976036437
2025-12-19 20:00:00+00:00,11105.195976036437
2025-12-20 00:00:00+00:00,11105.195976036437
2025-12-20 04:00:00+00:00,11105.195976036437
2025-12-20 08:00:00+00:00,11105.195976036437
2025-12-20 12:00:00+00:00,11105.195976036437
2025-12-20 16:00:00+00:00,11105.195976036437
2025-12-20 20:00:00+00:00,11105.195976036437
2025-12-21 00:00:00+00:00,11105.195976036437
2025-12-21 04:00:00+00:00,11105.195976036437
2025-12-21 08:00:00+00:00,11105.195976036437
2025-12-21 12:00:00+00:00,11105.195976036437
2025-12-21 16:00:00+00:00,11105.195976036437
2025-12-21 20:00:00+00:00,11105.195976036437
2025-12-22 00:00:00+00:00,11105.195976036437
2025-12-22 04:00:00+00:00,11105.195976036437
2025-12-22 08:00:00+00:00,11105.195976036437
2025-12-22 12:00:00+00:00,11105.195976036437
2025-12-22 16:00:00+00:00,11105.195976036437
2025-12-22 20:00:00+00:00,11105.195976036437
2025-12-23 00:00:00+00:00,11105.195976036437
2025-12-23 04:00:00+00:00,11105.195976036437
2025-12-23 08:00:00+00:00,11105.195976036437
2025-12-23 12:00:00+00:00,11105.195976036437
2025-12-23 16:00:00+00:00,11105.195976036437
2025-12-23 20:00:00+00:00,11105.195976036437
2025-12-24 00:00:00+00:00,11105.195976036437
2025-12-24 04:00:00+00:00,11105.195976036437
2025-12-24 08:00:00+00:00,11105.195976036437
2025-12-24 12:00:00+00:00,11105.195976036437
2025-12-24 16:00:00+00:00,11105.195976036437
2025-12-24 20:00:00+00:00,11105.195976036437
2025-12-25 00:00:00+00:00,11105.195976036437
2025-12-25 04:00:00+00:00,11105.195976036437
2025-12-25 08:00:00+00:00,11105.195976036437
2025-12-25 12:00:00+00:00,11105.195976036437
2025-12-25 16:00:00+00:00,11105.195976036437
2025-12-25 20:00:00+00:00,11105.195976036437
2025-12-26 00:00:00+00:00,11105.195976036437
2025-12-26 04:00:00+00:00,11105.195976036437
2025-12-26 08:00:00+00:00,11105.195976036437
2025-12-26 12:00:00+00:00,11105.195976036437
2025-12-26 16:00:00+00:00,11105.195976036437
2025-12-26 20:00:00+00:00,11105.195976036437
2025-12-27 00:00:00+00:00,11105.195976036437
2025-12-27 04:00:00+00:00,11105.195976036437
2025-12-27 08:00:00+00:00,11105.195976036437
2025-12-27 12:00:00+00:00,11105.195976036437
2025-12-27 16:00:00+00:00,11105.195976036437
2025-12-27 20:00:00+00:00,11105.195976036437
2025-12-28 00:00:00+00:00,11105.195976036437
2025-12-28 04:00:00+00:00,11105.195976036437
2025-12-28 08:00:00+00:00,11105.195976036437
2025-12-28 12:00:00+00:00,11105.195976036437
2025-12-28 16:00:00+00:00,11105.195976036437
2025-12-28 20:00:00+00:00,11105.195976036437
2025-12-29 00:00:00+00:00,11105.195976036437
2025-12-29 04:00:00+00:00,11105.195976036437
2025-12-29 08:00:00+00:00,11105.195976036437
2025-12-29 12:00:00+00:00,11105.195976036437
2025-12-29 16:00:00+00:00,11105.195976036437
2025-12-29 20:00:00+00:00,11105.195976036437
2025-12-30 00:00:00+00:00,11105.195976036437
2025-12-30 04:00:00+00:00,11105.195976036437
2025-12-30 08:00:00+00:00,11105.195976036437
2025-12-30 12:00:00+00:00,11105.195976036437
2025-12-30 16:00:00+00:00,11105.195976036437
2025-12-30 20:00:00+00:00,11105.195976036437
2025-12-31 00:00:00+00:00,11105.195976036437
2025-12-31 04:00:00+00:00,11105.195976036437
2025-12-31 08:00:00+00:00,11105.195976036437
2025-12-31 12:00:00+00:00,11105.195976036437
2025-12-31 16:00:00+00:00,11105.195976036437
2025-12-31 20:00:00+00:00,11105.195976036437
