side,entry_time,exit_time,entry,exit,stop,target,qty,gross_pnl,fees,net_pnl,return_pct,bars
long,2025-01-03 00:25:00+00:00,2025-01-03 01:10:00+00:00,97032.09999999999,96755.62695739123,96755.82695739123,97617.31573891314,0.10305867851978882,-28.492946417604344,6.99002746875384,-35.48297388635818,-0.3548297388635818,9
long,2025-01-04 13:40:00+00:00,2025-01-04 15:25:00+00:00,97905.9,97742.73220180318,97742.93220180318,98322.68702229521,0.10177647134762709,-16.606642738032992,6.969349593321239,-23.575992331354232,-0.23575992331354234,21
long,2025-01-06 14:40:00+00:00,2025-01-06 14:50:00+00:00,99501.4,100978.48156861438,98633.29725425706,100978.68156861438,0.05298140784928394,78.25786101341912,3.7175972298370157,74.5402637835821,0.7454026378358211,2
long,2025-01-06 20:00:00+00:00,2025-01-07 22:40:00+00:00,101997.2,101646.11488623788,101646.31488623787,102703.02277064318,0.09819368862641202,-34.47434234212617,6.998770888476367,-41.473113230602536,-0.4147311323060254,20
short,2025-01-08 09:25:00+00:00,2025-01-08 11:30:00+00:00,95909.40000000001,95391.42548367739,96142.28871088175,95391.2254836774,0.10399406298376664,53.866274474440395,6.962952532968634,46.90332194147176,0.4690332194147176,25
short,2025-01-13 06:25:00+00:00,2025-01-13 06:45:00+00:00,94126.1,93576.55622346357,94382.11540102429,93576.35622346358,0.10646262307985499,58.505871947278344,6.994160999212172,51.511710948066174,0.5151171094806618,4
long,2025-01-18 23:55:00+00:00,2025-01-19 00:10:00+00:00,104543.2,104297.41809706106,104297.61809706106,105095.52345440841,0.0963469954738788,-23.680347890018954,7.0424081302958585,-30.72275602031481,-0.3072275602031481,3
long,2025-01-20 12:00:00+00:00,2025-01-20 12:10:00+00:00,108525.9,107975.89834419596,107976.09834419595,109541.52280870605,0.08018352760593792,-44.10107295147456,6.075957273493465,-50.17703022496802,-0.5017703022496802,2
long,2025-01-21 21:30:00+00:00,2025-01-21 23:00:00+00:00,106494.7,105564.32329904371,105564.5232990437,108077.33077643444,0.04970298919077272,-46.24250311097712,3.688988569993367,-49.93149168097049,-0.4993149168097049,18
long,2025-01-25 09:30:00+00:00,2025-01-25 10:00:00+00:00,104449.4,104243.56669673858,104243.76669673857,104941.63640489212,0.09518093870619224,-19.59140702141804,6.952257365051493,-26.54366438646953,-0.2654366438646953,6
long,2025-01-25 21:50:00+00:00,2025-01-25 23:50:00+00:00,105056.09999999999,104847.78629510089,104847.98629510088,105553.11873234865,0.0943786060486929,-19.660357089216276,6.933652667457235,-26.59400975667351,-0.26594009756673515,24
short,2025-01-27 09:20:00+00:00,2025-01-27 12:40:00+00:00,98900.0,99641.38029540154,99641.18029540154,97614.15455689769,0.06097884006429812,-45.20851046011266,4.237388076312399,-49.44589853642506,-0.49445898536425065,40
long,2025-01-30 18:55:00+00:00,2025-01-31 00:05:00+00:00,105542.9,104660.87839080782,104661.07839080782,107051.33248878826,0.051453778360489366,-45.38334438853638,3.7855225183503176,-49.1688669068867,-0.491688669068867,62
short,2025-02-03 06:50:00+00:00,2025-02-03 07:45:00+00:00,93729.0,94698.37880194877,94698.17880194877,92110.20604707685,0.047285271267261494,-45.83733961088051,3.118443902290215,-48.95578351317072,-0.4895578351317072,11
short,2025-02-06 21:15:00+00:00,2025-02-07 01:50:00+00:00,96443.90000000001,97163.47291216635,97163.27291216636,95195.06380675049,0.06186387722597142,-44.51557029339356,4.192055961758395,-48.70762625515195,-0.4870762625515195,55
short,2025-02-08 16:15:00+00:00,2025-02-08 16:50:00+00:00,95794.1,96052.20902048358,96052.00902048359,95238.59679427464,0.10117717155799551,-26.114740646133168,6.793663422186793,-32.90840406831996,-0.32908404068319963,7
short,2025-02-13 16:05:00+00:00,2025-02-13 21:05:00+00:00,95681.5,96505.55953538262,96505.35953538262,94277.26807192607,0.05419025567564958,-44.65599691434124,3.6451330628207854,-48.30112997716202,-0.4830112997716202,60
short,2025-02-17 08:20:00+00:00,2025-02-17 08:45:00+00:00,96043.1,96244.46250841925,96244.26250841926,95572.28081237113,0.10006930800753303,-20.15020687617502,6.734729161535469,-26.88493603771049,-0.2688493603771049,5
long,2025-02-20 23:00:00+00:00,2025-02-22 02:00:00+00:00,98330.4,98044.05211379888,98044.25211379888,98932.70002930166,0.0974681443364472,-27.90979710268641,6.699088704916472,-34.60888580760288,-0.3460888580760288,24
short,2025-02-27 19:00:00+00:00,2025-02-27 20:10:00+00:00,84453.5,83409.67017816055,85050.3241312263,83409.47017816055,0.07274773538049276,75.9362556614431,4.2740829194880074,71.66217274195509,0.7166217274195509,14
short,2025-03-08 12:05:00+00:00,2025-03-08 12:15:00+00:00,85820.3,86109.42673529389,86109.2267352939,85235.72437205917,0.11210791510627369,-32.413395495281314,6.746139123179807,-39.159534618461116,-0.39159534618461117,2
short,2025-03-11 12:00:00+00:00,2025-03-11 13:25:00+00:00,81521.3,82166.99710255429,82166.7971025543,80409.39207116856,0.06815428999754412,-44.00702757805893,3.9046208844760772,-47.911648462535005,-0.4791164846253501,17
short,2025-03-13 13:35:00+00:00,2025-03-13 15:35:00+00:00,82506.0,81315.06105642368,83203.16896238421,81314.86105642369,0.06311248084607426,75.16311126530411,3.6187037523374865,71.54440751296663,0.7154440751296662,24
short,2025-03-18 15:45:00+00:00,2025-03-18 19:50:00+00:00,81738.7,82261.6745761048,82261.4745761048,80810.49541084279,0.08275108596659678,-43.2767141055925,4.749923183285462,-48.02663728887796,-0.4802663728887796,49
long,2025-03-25 13:00:00+00:00,2025-03-25 13:30:00+00:00,87222.8,87898.35736787696,86874.72168808203,87898.55736787696,0.10957664158841532,74.02530757226666,6.716215903406917,67.30909166885975,0.6730909166885974,6
long,2025-03-25 21:05:00+00:00,2025-03-25 21:55:00+00:00,88117.09999999999,87748.06155915363,87748.26155915363,88825.56258626953,0.10922840839754024,-40.309481531157466,6.723315091388921,-47.032796622546385,-0.47032796622546386,10
long,2025-03-27 09:30:00+00:00,2025-03-27 10:45:00+00:00,87504.3,87365.35355284259,87365.55355284258,87866.55219573613,0.10945585290076425,-15.208501881146095,6.699177476630641,-21.907679357776736,-0.21907679357776738,15
long,2025-03-27 18:10:00+00:00,2025-03-28 19:20:00+00:00,87116.8,86764.34532074121,86764.5453207412,87798.6364188882,0.10969124336094264,-38.6611919962793,6.675633659539901,-45.336825655819204,-0.4533682565581921,2
short,2025-03-29 07:45:00+00:00,2025-03-29 08:35:00+00:00,83696.5,83917.5033764988,83917.3033764988,83217.82606025178,0.11363215049578836,-25.113088938389453,6.666218879907962,-31.779307818297415,-0.31779307818297414,10
short,2025-03-31 00:15:00+00:00,2025-03-31 00:40:00+00:00,82173.90000000001,81532.61621648964,82505.01963900692,81532.41621648964,0.11535090796654962,73.97266669214554,6.609293349964467,67.36337334218106,0.6736337334218107,5
short,2025-03-31 04:15:00+00:00,2025-03-31 04:55:00+00:00,81550.90000000001,81804.06874744434,81803.86874744434,81027.73280383351,0.11705814834041847,-29.6354647934965,6.692710557323968,-36.328175350820466,-0.3632817535082047,8
short,2025-04-03 14:00:00+00:00,2025-04-04 18:00:00+00:00,82014.5,82877.70865881219,82877.50865881219,80575.4616367817,0.05163811318326048,-44.57446642451431,2.9801528868165423,-47.55461931133085,-0.47554619311330854,36
long,2025-04-11 20:30:00+00:00,2025-04-11 21:35:00+00:00,83970.3,83616.25368131271,83616.4536813127,84649.01750303095,0.11268644455042419,-39.89622085903766,6.609656511082077,-46.50587737011974,-0.4650587737011974,13
long,2025-04-15 07:00:00+00:00,2025-04-15 08:10:00+00:00,85548.59999999999,86075.35631775274,85297.76915483149,86075.55631775274,0.11006385466813444,57.97683080266012,6.611357965004588,51.365472837655524,0.5136547283765552,9
long,2025-04-18 20:00:00+00:00,2025-04-18 20:10:00+00:00,84569.2,84495.29814065351,84495.49814065351,84907.4768,0.11194588751342119,-8.273009233434415,6.624126351978312,-14.897135585412727,-0.14897135585412727,2
long,2025-04-20 18:50:00+00:00,2025-04-20 20:05:00+00:00,84560.2,84898.2408,84443.45272113795,84898.4408,0.11178163030260818,37.78675173279819,6.6298192734067065,31.15693245939148,0.3115693245939148,15
long,2025-04-22 10:35:00+00:00,2025-04-22 12:55:00+00:00,88476.4,89047.01286231843,88199.74722512104,89047.21286231843,0.10718602867175879,61.161726620938026,6.659810367339128,54.5019162535989,0.545019162535989,28
long,2025-04-22 15:55:00+00:00,2025-04-23 20:20:00+00:00,90886.4,92009.0363579996,90244.54322800026,92009.2363579996,0.06756086724998432,75.84628595281755,4.324801003743769,71.52148494907378,0.7152148494907378,41
long,2025-04-24 00:40:00+00:00,2025-04-24 01:10:00+00:00,93620.09999999999,93196.15431273411,93196.35431273411,94420.55370589881,0.09811981408044036,-41.59747201473241,6.415631649129408,-48.01310366386182,-0.4801310366386182,6
long,2025-04-25 19:50:00+00:00,2025-04-25 20:40:00+00:00,95186.09999999999,94785.00479969491,94785.20479969491,95955.01847545762,0.10045000524985066,-40.29001497633489,6.6789094660572506,-46.968924442392144,-0.4696892444239214,10
long,2025-04-27 20:35:00+00:00,2025-04-27 21:00:00+00:00,94354.3,94226.21923560042,94226.41923560042,94731.7172,0.10083775005771245,-12.915376107725551,6.65561234255159,-19.57098845027714,-0.1957098845027714,5
long,2025-04-29 09:25:00+00:00,2025-04-29 10:45:00+00:00,94925.4,94746.02338464964,94746.22338464964,95361.28437302553,0.10002490726212523,-17.942129315412963,6.640153287013706,-24.58228260242667,-0.2458228260242667,16
long,2025-04-29 16:20:00+00:00,2025-04-29 17:00:00+00:00,95015.8,94730.61258605018,94730.81258605018,95610.55877092475,0.0996710236530947,-28.424921481357917,6.619276711933926,-35.04419819329184,-0.3504419819329184,8
long,2025-05-01 04:40:00+00:00,2025-05-01 08:55:00+00:00,94800.09999999999,95179.1004,94671.45033727915,95179.3004,0.0995281423861834,37.72120577562091,6.617896917738565,31.103308857882343,0.3110330885788234,51
long,2025-05-08 00:05:00+00:00,2025-05-08 00:35:00+00:00,97089.3,96915.67821012888,96915.87821012888,97520.33895980669,0.09750179638623727,-16.928436404227856,6.620541859176136,-23.548978263403992,-0.2354897826340399,6
long,2025-05-08 06:40:00+00:00,2025-05-08 07:20:00+00:00,98899.59999999999,99294.9984,98762.91985153608,99295.1984,0.0954789724287955,37.75223293199038,6.623195808659429,31.129037123330953,0.31129037123330955,8
long,2025-05-09 14:55:00+00:00,2025-05-09 16:55:00+00:00,103148.09999999999,102307.44489997574,102307.64489997574,104590.29182503637,0.051880347299498655,-43.61347854835272,3.7306867584064687,-47.34416530675919,-0.4734416530675919,24
long,2025-05-10 03:30:00+00:00,2025-05-11 05:00:00+00:00,103100.2,103512.4008,102961.73756084868,103512.6008,0.0914316078284569,37.68818189217674,6.611822801067094,31.07635909110965,0.3107635909110965,6
long,2025-05-14 23:10:00+00:00,2025-05-14 23:15:00+00:00,103532.59999999999,103356.11304762475,103356.31304762475,103979.21247856285,0.09134990729998649,-16.12206673913551,6.614742665409909,-22.736809404545415,-0.22736809404545416,1
long,2025-05-16 14:15:00+00:00,2025-05-16 14:40:00+00:00,103776.4,103424.584614784,103424.784614784,104486.43177782398,0.09091620641226748,-31.98572018130821,6.593274620121967,-38.57899480143018,-0.3857899480143018,5
long,2025-05-21 21:40:00+00:00,2025-05-21 23:10:00+00:00,108394.9,109200.4459225621,107984.86343495859,109200.6459225621,0.08668652868650281,69.829979724475,6.60190481872799,63.22807490574701,0.63228074905747,18
long,2025-05-22 02:05:00+00:00,2025-05-22 03:40:00+00:00,110215.8,111386.1196490909,109564.7053339394,111386.3196490909,0.06491224297965369,75.96807342565174,5.034637178556819,70.93343624709493,0.7093343624709494,19
long,2025-05-27 00:10:00+00:00,2025-05-27 00:35:00+00:00,109497.09999999999,109276.355761334,109276.55576133399,110020.53628299899,0.08703919208338345,-19.213400190549937,6.664652693564721,-25.87805288411466,-0.2587805288411466,5
short,2025-05-30 20:00:00+00:00,2025-05-30 20:45:00+00:00,104513.90000000001,104844.40090861535,104844.20090861536,103834.54931207698,0.09094159787922305,-30.056280730014468,6.663782444868037,-36.720063174882505,-0.36720063174882506,9
short,2025-06-01 01:35:00+00:00,2025-06-01 04:30:00+00:00,104189.90000000001,104552.47441081984,104552.27441081984,103463.00605877026,0.09087196554958253,-32.947849369179494,6.639090449669329,-39.586939818848826,-0.39586939818848826,35
short,2025-06-03 10:00:00+00:00,2025-06-03 10:10:00+00:00,105157.8,105296.94986302096,105296.74986302096,104737.1688,0.08965910340075202,-12.476051956796148,6.6042144627018,-19.08026641949795,-0.1908026641949795,2
long,2025-06-09 23:20:00+00:00,2025-06-10 01:10:00+00:00,110170.7,109795.33789367825,109795.53789367825,110927.24188448262,0.08540631762506823,-32.05829527692944,6.575271254676348,-38.633566531605794,-0.38633566531605795,22
long,2025-06-11 15:00:00+00:00,2025-06-11 15:10:00+00:00,110034.0,109695.56442500837,109695.76442500837,110734.91286248744,0.08516131587186229,-28.821618904137416,6.5493605948347,-35.37097949897211,-0.3537097949897211,2
short,2025-06-18 12:35:00+00:00,2025-06-18 14:10:00+00:00,104535.7,104963.64351344951,104963.44351344951,103710.14725482572,0.08930221207822327,-38.21630239556852,6.548064181640317,-44.76436657720884,-0.4476436657720884,19
short,2025-06-18 18:00:00+00:00,2025-06-18 20:45:00+00:00,104044.3,104785.02559048308,104784.82559048309,102750.43408927538,0.057084052400023726,-42.28361842117476,4.172288457634064,-46.455906878808825,-0.4645590687880882,33
long,2025-06-25 18:10:00+00:00,2025-06-27 08:05:00+00:00,107432.5,106833.86762973756,106834.06762973756,108519.15543039366,0.06857245787200444,-41.04969299063905,5.142470013687159,-46.19216300432621,-0.46192163004326214,155
long,2025-07-02 19:25:00+00:00,2025-07-02 20:20:00+00:00,109483.09999999999,109186.56841201682,109186.76841201681,110120.19280697477,0.08401165855447262,-24.91211052025814,6.429780531597538,-31.341891051855676,-0.31341891051855675,11
long,2025-07-04 10:35:00+00:00,2025-07-04 11:50:00+00:00,109022.5,108841.30131813178,108841.50131813178,109485.78739780233,0.08407911140941847,-15.235024160037833,6.411228188087316,-21.646252348125145,-0.21646252348125145,15
long,2025-07-07 16:05:00+00:00,2025-07-07 16:15:00+00:00,108385.7,108209.82301861081,108210.02301861081,108839.89044708377,0.08437338755283401,-14.839336712372276,6.396214302050311,-21.235551014422587,-0.21235551014422588,2
long,2025-07-13 02:40:00+00:00,2025-07-13 07:35:00+00:00,117517.5,117987.37000000001,117385.62168499525,117987.57,0.07763637858421749,36.47900520536704,6.399310836011424,30.07969436935561,0.30079694369355614,59
long,2025-07-14 13:40:00+00:00,2025-07-14 14:30:00+00:00,121774.3,121073.08172259766,121073.28172259766,123039.93244110352,0.05818084986129738,-40.79747531754304,4.945173469324071,-45.74264878686711,-0.4574264878686711,10
long,2025-07-16 12:05:00+00:00,2025-07-16 12:30:00+00:00,118897.4,118665.35501127806,118665.55501127806,119454.2379330829,0.07660361089353736,-17.775484025849934,6.369357696688242,-24.144841722538178,-0.24144841722538177,5
long,2025-07-16 18:05:00+00:00,2025-07-17 22:15:00+00:00,119475.9,120672.1490854524,118818.32249303172,120672.3490854524,0.06124389855885634,73.26295764057193,5.147660965053845,68.11529667551807,0.6811529667551807,38
long,2025-07-29 00:05:00+00:00,2025-07-29 00:35:00+00:00,118232.2,117786.90960843908,117787.10960843907,119107.74193734139,0.07740649857489118,-34.46837005977312,6.3942945050434545,-40.86266456481657,-0.4086266456481657,6
long,2025-07-30 10:00:00+00:00,2025-07-30 10:55:00+00:00,118296.2,117945.45557069549,117945.65557069548,119030.03499395677,0.07701919382229887,-27.014053182695804,6.368299650755059,-33.38235283345087,-0.3338235283345087,11
short,2025-08-02 17:45:00+00:00,2025-08-02 18:55:00+00:00,113038.6,112208.98684045827,113459.26373969449,112208.78684045827,0.08030615739586283,66.62304496783797,6.331068856646844,60.291976111191126,0.6029197611119113,14
short,2025-08-06 04:00:00+00:00,2025-08-06 05:05:00+00:00,113465.2,113651.86004725836,113651.66004725837,112985.94582911245,0.08053559663684699,-15.032778274214628,6.401852778059396,-21.434631052274025,-0.21434631052274022,13
long,2025-08-07 21:45:00+00:00,2025-08-08 00:15:00+00:00,117241.2,116925.89564945246,116926.09564945246,117920.0286258213,0.07775895289767502,-24.517736142657878,6.373005856276899,-30.89074199893478,-0.3089074199893478,30
long,2025-08-13 13:05:00+00:00,2025-08-13 13:40:00+00:00,120460.2,120159.8610176499,120160.0610176499,121122.21382352513,0.07542459838575696,-22.65294712334257,6.3520350130344045,-29.004982136376974,-0.2900498213637697,7
short,2025-08-21 18:45:00+00:00,2025-08-21 18:55:00+00:00,112254.6,112690.40281824145,112690.20281824145,111403.75022263784,0.08067960889203278,-35.16040092976518,6.351966197357527,-41.51236712712271,-0.4151236712712271,2
short,2025-08-25 12:05:00+00:00,2025-08-25 12:20:00+00:00,111137.6,111450.56876182766,111450.36876182766,110472.95605725852,0.08111696543028159,-25.387076233931612,6.319486876725001,-31.706563110656614,-0.31706563110656616,3
short,2025-09-01 05:05:00+00:00,2025-09-01 05:35:00+00:00,107336.7,107778.80553062032,107778.60553062032,106485.00247906952,0.08369400488457168,-37.0015824392332,6.301357359719396,-43.30293979895259,-0.43302939798952594,6
long,2025-09-11 16:35:00+00:00,2025-09-11 18:15:00+00:00,114506.2,114134.22509632522,114134.42509632521,115265.24820551218,0.07807555708158033,-29.04214782477576,6.247929996267727,-35.29007782104349,-0.3529007782104349,20
long,2025-09-16 23:05:00+00:00,2025-09-16 23:45:00+00:00,116884.09999999999,116654.92846637058,116655.12846637057,117433.10447544412,0.07618525767383084,-17.459492341063942,6.227280871212296,-23.686773212276236,-0.23686773212276235,8
long,2025-09-18 10:55:00+00:00,2025-09-18 11:50:00+00:00,117188.3,117036.99906431237,117037.19906431237,117657.05320000001,0.07578536853304925,-11.466397170482088,6.212797713273407,-17.679194883755496,-0.17679194883755495,11
long,2025-09-18 15:45:00+00:00,2025-09-18 19:35:00+00:00,117638.9,117257.67302530298,117257.87302530298,118417.30853704552,0.07534479928304141,-28.723469889827502,6.1943823014030075,-34.91785219123051,-0.3491785219123051,46
short,2025-09-23 17:10:00+00:00,2025-09-23 18:45:00+00:00,112559.7,111700.05470031983,113000.94388312011,111699.85470031983,0.07843447926910387,67.42583143654666,6.156393978327795,61.26943745821886,0.6126943745821887,19
short,2025-09-23 20:25:00+00:00,2025-09-23 21:15:00+00:00,111653.90000000001,112009.08216798653,112008.88216798654,110925.03242302022,0.07961952868323245,-28.279436811775756,6.23277942843546,-34.51221624021122,-0.3451221624021122,10
short,2025-09-25 20:30:00+00:00,2025-09-25 21:05:00+00:00,109258.0,109531.2434708729,109531.0434708729,108656.23329369065,0.08104961355145213,-22.14627771970584,6.206474271385087,-28.352751991090926,-0.28352751991090924,7
long,2025-10-01 03:10:00+00:00,2025-10-01 03:45:00+00:00,114428.09999999999,114145.31514558864,114145.51514558864,115053.22645661702,0.07713984524267611,-21.813979906264333,6.171241254822235,-27.985221161086564,-0.27985221161086565,7
long,2025-10-02 21:10:00+00:00,2025-10-02 21:30:00+00:00,120720.4,120337.38763535745,120337.58763535744,121506.87924696383,0.07288727260887455,-27.91672663427114,6.149515638654671,-34.06624227292581,-0.3406624227292581,4
long,2025-10-04 06:15:00+00:00,2025-10-04 07:10:00+00:00,122562.3,122353.38976767186,122353.58976767186,123090.84937349222,0.07151395218578187,-14.939996365835215,6.130211124657576,-21.07020749049279,-0.2107020749049279,11
short,2025-10-11 06:35:00+00:00,2025-10-11 07:20:00+00:00,112144.2,110898.85921250818,112843.05895832788,110898.65921250818,0.05621171953765874,70.00274707529722,4.388171861246223,65.614575214051,0.6561457521405101,9
short,2025-10-16 17:50:00+00:00,2025-10-17 22:35:00+00:00,108298.6,106959.27301676039,109064.60295549309,106959.07301676039,0.052299534357401145,70.04617757573483,3.9402602839394043,66.10591729179542,0.6610591729179542,45
long,2025-10-26 19:20:00+00:00,2025-10-26 20:20:00+00:00,113647.59999999999,113455.75162729823,113455.95162729823,114134.95585905263,0.07809724751771978,-14.982829848761044,6.2076513324493,-21.190481181210345,-0.21190481181210344,12
short,2025-10-30 17:00:00+00:00,2025-10-31 19:40:00+00:00,107742.6,108254.74744492525,108254.54744492525,106785.12928261214,0.07532211126915805,-38.576026832874064,5.694281683331379,-44.27030851620544,-0.4427030851620544,20
short,2025-11-04 13:00:00+00:00,2025-11-04 13:40:00+00:00,103889.8,104182.43893068841,104182.23893068841,103268.33445396739,0.08480239597436313,-24.81648247775262,6.175758538975388,-30.99224101672801,-0.3099224101672801,8
short,2025-11-06 11:00:00+00:00,2025-11-06 13:20:00+00:00,102842.40000000001,103341.24286807215,103341.04286807215,101913.4614978918,0.07687050191727003,-38.346301646555986,5.547304040039952,-43.89360568659593,-0.4389360568659594,28
short,2025-11-08 03:35:00+00:00,2025-11-08 06:05:00+00:00,102933.2,102136.31242239695,103343.83631840203,102136.11242239695,0.0848629801715488,67.62625469708095,6.090983488271869,61.535271208809085,0.6153527120880908,30
short,2025-11-14 22:10:00+00:00,2025-11-14 22:30:00+00:00,94739.6,95463.28446986679,95463.0844698668,93487.57899519983,0.055661408526884955,-40.281296921817265,3.705436159414206,-43.98673308123147,-0.4398673308123147,4
short,2025-11-16 15:00:00+00:00,2025-11-16 15:55:00+00:00,95350.5,94623.70027500213,95723.25756666524,94623.50027500214,0.09179570792729604,66.71709527754312,6.10358567075801,60.613509606785115,0.6061350960678512,11
long,2025-12-03 22:35:00+00:00,2025-12-04 00:10:00+00:00,93586.3,93222.58948370504,93222.78948370504,94296.34179944245,0.09417382841642874,-34.2520117548122,6.157377906715714,-40.40938966152792,-0.40409389661527917,19
short,2025-12-09 03:05:00+00:00,2025-12-09 03:35:00+00:00,90012.1,90356.52811996546,90356.32811996546,89337.23664505183,0.0974643494448735,-33.56946264295349,6.152828849991864,-39.72229149294535,-0.3972229149294535,6
long,2025-12-10 18:35:00+00:00,2025-12-10 19:00:00+00:00,92983.3,91876.99576890946,91877.19576890946,94806.17712163582,0.0372708436204486,-41.23289199361629,2.4114647113315155,-43.6443567049478,-0.436443567049478,5
short,2025-12-25 01:30:00+00:00,2025-12-25 02:35:00+00:00,87571.90000000001,87768.24635421627,87768.04635421628,87123.42964367561,0.09922822412747703,-19.483100042784482,6.08954196934328,-25.572642012127762,-0.2557264201212776,13
short,2025-12-26 23:35:00+00:00,2025-12-28 02:40:00+00:00,87390.3,87557.13849663487,87556.93849663487,86986.40923004769,0.09914179809952452,-16.540668548602248,6.070611268911826,-22.611279817514074,-0.22611279817514074,25
long,2026-01-02 12:15:00+00:00,2026-01-02 13:55:00+00:00,89569.8,89340.0152021041,89340.2152021041,90071.92434684387,0.09647693975691989,-22.16893410365909,6.041235012111274,-28.210169115770366,-0.28210169115770367,20
long,2026-01-02 16:10:00+00:00,2026-01-02 17:15:00+00:00,89770.2,90944.02411188772,89092.91582540818,90944.22411188771,0.058156238026559136,68.2651944522566,3.6783808012825636,64.58681365097404,0.6458681365097404,13
long,2026-01-04 08:40:00+00:00,2026-01-04 12:40:00+00:00,91388.0,91124.20149307513,91124.40149307513,91944.32676038731,0.09495553949287179,-25.049129542464915,6.065690594882335,-31.11482013734725,-0.31114820137347254,48
long,2026-01-13 04:50:00+00:00,2026-01-13 05:15:00+00:00,91426.7,91792.2068,91328.89403702984,91792.4068,0.09457502045941962,34.567813088057264,6.064776150706875,28.50303693735039,0.2850303693735039,5
long,2026-01-14 19:10:00+00:00,2026-01-15 02:35:00+00:00,96970.2,96136.40587428503,96136.60587428503,98391.28903857245,0.04809536655406479,-40.10163410688722,3.250636547737271,-43.35227065462449,-0.4335227065462449,89
short,2026-01-25 04:15:00+00:00,2026-01-25 04:30:00+00:00,88954.5,89047.08104372186,89046.88104372186,88598.682,0.0970364938178501,-8.983739876766437,6.045427261480832,-15.029167138247267,-0.15029167138247268,3
short,2026-01-25 07:00:00+00:00,2026-01-25 08:35:00+00:00,88807.8,88452.7688,88899.57675115309,88452.56880000001,0.0970275541358045,34.4478089778994,6.019705802384925,28.428103175514472,0.28428103175514474,19
short,2026-02-01 01:05:00+00:00,2026-02-01 10:10:00+00:00,78632.40000000001,79181.04756905795,79180.84756905795,77671.1219464131,0.07157949427767396,-39.27191552984248,3.953672368523285,-43.22558789836577,-0.4322558789836577,109
short,2026-02-02 14:55:00+00:00,2026-02-02 15:35:00+00:00,77836.8,78973.97976896666,78973.77976896666,75994.11594655001,0.036086311452084435,-41.03662331994018,1.9805529232255035,-43.017176243165686,-0.4301717624316569,8
short,2026-02-02 19:00:00+00:00,2026-02-02 23:35:00+00:00,78507.40000000001,78928.17536311471,78927.97536311472,77738.14900532794,0.0899184669384918,-37.83547557676159,4.9547279523807335,-42.79020352914232,-0.4279020352914231,55
short,2026-02-04 13:15:00+00:00,2026-02-04 13:40:00+00:00,75915.90000000001,75282.97795570102,76248.74614619934,75282.77795570102,0.11020288816774117,69.7498372667797,5.831893563454024,63.91794370332568,0.6391794370332569,5
short,2026-02-08 05:30:00+00:00,2026-02-08 07:15:00+00:00,69189.3,69442.51373608252,69442.31373608252,68687.69812087623,0.12400930059112991,-31.40085831165958,6.017071991381988,-37.41793030304157,-0.37417930303041574,21
short,2026-02-09 15:20:00+00:00,2026-02-09 16:40:00+00:00,68969.90000000001,69975.25588134375,69975.05588134375,67340.4688529844,0.040531488802282176,-40.74857064699238,1.9710789104076127,-42.71964955739999,-0.4271964955739999,16
short,2026-02-23 13:55:00+00:00,2026-02-23 16:00:00+00:00,66121.1,65504.253978967165,66454.6560640219,65504.05397896717,0.11177099302596322,68.94549231495486,5.1491637825680785,63.79632853238678,0.6379632853238678,25
long,2026-03-04 12:45:00+00:00,2026-03-04 14:30:00+00:00,71120.3,72144.20666755157,70521.2025716323,72144.40666755156,0.0659480797238556,67.52467854147785,3.306806687558687,64.21787185391916,0.6421787185391916,21
short,2026-03-08 01:25:00+00:00,2026-03-08 01:50:00+00:00,67219.8,67336.64685780596,67336.44685780596,66926.19506329106,0.12835493890067703,-14.997871294419406,6.044844580294059,-21.042715874713465,-0.21042715874713466,5
long,2026-03-13 07:00:00+00:00,2026-03-13 08:35:00+00:00,71415.2,71976.85266812658,71124.61595458227,71977.05266812658,0.12051986980420155,67.69030643779813,6.048557031481941,61.64174940631618,0.6164174940631618,19
long,2026-03-14 21:40:00+00:00,2026-03-14 23:05:00+00:00,70740.5,71023.262,70639.09293272762,71023.462,0.12254072780722969,34.64986127622818,6.080142100259813,28.569719175968366,0.28569719175968367,17
short,2026-03-21 19:30:00+00:00,2026-03-21 20:20:00+00:00,70361.1,70459.16264717326,70458.96264717326,70079.65560000001,0.12360753420033654,-12.121282014243521,6.092255900941296,-18.213537915184816,-0.18213537915184816,10
short,2026-03-23 06:10:00+00:00,2026-03-23 06:40:00+00:00,68599.7,67954.10397589604,68949.53103273596,67953.90397589604,0.10896334723283348,70.34630374657625,5.207775845506443,65.1385279010698,0.651385279010698,6
long,2026-03-25 07:30:00+00:00,2026-03-25 07:45:00+00:00,71174.5,70919.70443687114,70919.90443687113,71681.9487196933,0.12285421133424447,-31.302707959661305,6.109904997440547,-37.41261295710185,-0.37412612957101854,3
short,2026-03-30 15:15:00+00:00,2026-03-30 18:50:00+00:00,67447.3,66572.12191989833,67951.53020340111,66571.92191989833,0.07888719714651704,69.04034574329089,3.700345795460044,65.33999994783085,0.6533999994783084,43
short,2026-04-02 20:00:00+00:00,2026-04-03 02:35:00+00:00,66831.2,66314.94401282568,67096.86759144954,66314.74401282569,0.13125627628412948,67.7618384858878,6.11669347264988,61.645145013237915,0.6164514501323792,79
long,2026-04-08 08:00:00+00:00,2026-04-08 10:30:00+00:00,71753.3,71554.36024530698,71554.56024530697,72177.97790703955,0.12311154464830397,-24.491780492213206,6.174989594456932,-30.666770086670134,-0.30666770086670136,30
long,2026-04-09 19:05:00+00:00,2026-04-09 22:15:00+00:00,72051.0,72738.23579050592,71677.43563966273,72738.43579050592,0.10371102232561748,71.27392641212263,5.255683882952389,66.01824252917024,0.6601824252917023,38
long,2026-04-11 11:05:00+00:00,2026-04-11 13:05:00+00:00,72874.3,72744.3087986762,72744.5087986762,73197.51682698572,0.12170286464577565,-15.820301579852972,6.202770642786006,-22.02307222263898,-0.22023072222638979,24
long,2026-04-14 23:45:00+00:00,2026-04-15 00:05:00+00:00,74207.4,74652.84741959586,73997.54368693609,74653.04741959585,0.11921975432144248,53.10613192733905,6.211478743957676,46.89465318338138,0.46894653183381385,4
long,2026-04-16 23:20:00+00:00,2026-04-17 01:20:00+00:00,75075.2,74783.56076487475,74783.76076487475,75644.74045268787,0.11846631977026223,-34.54942688590178,6.213625555601409,-40.76305244150319,-0.40763052441503195,24
long,2026-04-20 12:05:00+00:00,2026-04-20 13:20:00+00:00,75292.5,75027.72759454924,75027.92759454924,75822.12048317614,0.11758302085300514,-31.132739271416597,6.186287259557428,-37.31902653097403,-0.3731902653097403,15
long,2026-04-20 15:20:00+00:00,2026-04-22 02:10:00+00:00,75419.5,76738.12009803906,74628.94268464063,76738.32009803905,0.05224172139044054,68.8869837815918,2.7821415988079883,66.10484218278381,0.6610484218278381,118
long,2026-04-22 07:40:00+00:00,2026-04-23 10:20:00+00:00,78031.8,77765.21112244672,77765.41112244672,78568.93896632992,0.11382417697947117,-30.34425957938315,6.206713298405906,-36.55097287778905,-0.3655097287778905,20
long,2026-05-05 20:30:00+00:00,2026-05-05 21:25:00+00:00,81647.59999999999,81448.7089611978,81448.9089611978,82089.51985820328,0.10833575561742062,-21.547010974169027,6.184206654403279,-27.731217628572306,-0.277312176285723,11
short,2026-05-18 04:20:00+00:00,2026-05-18 05:10:00+00:00,76816.90000000001,77073.13474049632,77072.93474049632,76297.41831425554,0.11478754314116213,-29.41255632898438,6.182630650619382,-35.59518697960377,-0.35595186979603766,10
short,2026-05-18 09:50:00+00:00,2026-05-19 13:25:00+00:00,76929.40000000001,76608.62481867045,77052.96582088638,76608.42481867045,0.11415698076081099,36.61872620358444,6.134603070847261,30.484123132737178,0.3048412313273718,31
short,2026-05-19 16:05:00+00:00,2026-05-19 16:30:00+00:00,76411.2,76649.74802858382,76649.54802858383,75918.95835712425,0.11533011075435891,-27.511770556806805,6.178387630906311,-33.690158187713116,-0.33690158187713115,5
short,2026-05-23 12:40:00+00:00,2026-05-23 13:00:00+00:00,74731.0,74785.7099682611,74785.5099682611,74432.076,0.11747229397018313,-6.426905474667397,6.147424817396163,-12.574330292063559,-0.1257433029206356,4
short,2026-06-02 11:55:00+00:00,2026-06-02 12:55:00+00:00,69456.90000000001,69046.92183228694,69648.65239514205,69046.72183228694,0.12621132918966568,51.74388948580984,6.118263007955552,45.62562647785428,0.45625626477854286,12
short,2026-06-02 16:35:00+00:00,2026-06-02 19:30:00+00:00,67608.6,66558.95363676434,68228.95420882378,66558.75363676435,0.06594921475513342,69.22335342597337,3.0968856827866493,66.12646774318672,0.6612646774318672,35
short,2026-06-04 09:00:00+00:00,2026-06-04 09:30:00+00:00,63430.8,62738.99434544411,63817.4678363706,62738.79434544411,0.10288099039345672,71.17365090050396,4.5431656899993165,66.63048521050463,0.6663048521050463,6
short,2026-06-04 18:10:00+00:00,2026-06-04 18:25:00+00:00,63158.4,63718.091064128406,63717.89106412841,62207.63620380739,0.07403245707750918,-41.43530468175157,3.2875424325975224,-44.722847114349086,-0.44722847114349085,3
short,2026-06-06 03:20:00+00:00,2026-06-06 04:20:00+00:00,60767.200000000004,59966.70632066221,61229.43405289186,59966.506320662214,0.08808805103794903,70.5139280810631,3.7223250756949082,66.79160300536819,0.6679160300536818,12
short,2026-06-09 11:00:00+00:00,2026-06-09 12:05:00+00:00,62600.9,62869.87731037582,62869.677310375824,62087.18245943627,0.14323594398349315,-38.527218961821575,6.290173830638018,-44.81739279245959,-0.4481739279245959,13
short,2026-06-23 10:20:00+00:00,2026-06-23 11:30:00+00:00,62365.4,62604.089281304055,62603.88928130406,61897.52662804392,0.14305819593755184,-34.14645797298879,6.257268389337204,-40.40372636232599,-0.4040372636232599,14
short,2026-06-25 02:40:00+00:00,2026-06-25 04:40:00+00:00,60751.100000000006,60965.87255363059,60965.67255363059,60321.92674455413,0.14619451971341207,-31.398570325645775,6.228024020207005,-37.62659434585278,-0.3762659434585278,24
short,2026-06-26 19:55:00+00:00,2026-06-27 00:05:00+00:00,59748.600000000006,60134.816765226176,60134.61676522618,59064.014802160746,0.10325792868543308,-39.87994320084257,4.332619654618423,-44.212562855460995,-0.4421256285546099,50
short,2026-06-30 14:35:00+00:00,2026-07-01 21:00:00+00:00,58681.9,59212.22719505541,59212.027195055416,57783.01588241688,0.0769731374021844,-40.82094805311525,3.176138298023462,-43.99708635113871,-0.43997086351138714,65
long,2026-07-03 21:45:00+00:00,2026-07-04 01:10:00+00:00,62681.0,62471.4026005633,62471.602600563296,63105.78784915506,0.1396857363955428,-29.27776708690636,6.118701931625896,-35.39646901853225,-0.3539646901853225,41
long,2026-07-05 14:35:00+00:00,2026-07-05 16:25:00+00:00,62761.1,62631.19988366083,62631.39988366083,63066.48209950875,0.13894347253299394,-18.048773246603606,6.097854551157029,-24.146627797760637,-0.24146627797760636,22
long,2026-07-09 09:25:00+00:00,2026-07-09 09:40:00+00:00,62916.799999999996,62787.41628061196,62787.616280611954,63221.67997908206,0.13821584292578015,-17.882879836090417,6.081009974392276,-23.96388981048269,-0.23963889810482691,3
long,2026-07-11 01:15:00+00:00,2026-07-11 01:35:00+00:00,64167.899999999994,64063.80589883843,64064.005898838426,64437.03497674235,0.13514755284779842,-14.068063037876687,6.065570437404315,-20.133633475281002,-0.20133633475281001,4
long,2026-07-11 04:15:00+00:00,2026-07-12 07:00:00+00:00,64126.399999999994,64055.635567985664,64055.83556798566,64382.90559999999,0.13492104691526363,-9.547611251737393,6.053059052096765,-15.600670303834159,-0.15600670303834158,21
long,2026-07-12 14:35:00+00:00,2026-07-12 21:45:00+00:00,64064.899999999994,63943.98819505085,63944.18819505085,64359.081282423715,0.1348070527325123,-16.299764065762556,6.039775329399173,-22.33953939516173,-0.2233953939516173,86
